"STATION","NAME","DATE","CDSD","EMNT","EMXT","HDSD","TAVG","TMAX","TMIN"
"USW00023174","LOS ANGELES INTERNATIONAL AIRPORT, CA US","2016-01","0","44","76","607","57.0","64.0","49.9"
"USW00023174","LOS ANGELES INTERNATIONAL AIRPORT, CA US","2016-02","54","41","89","718","63.0","73.4","52.6"
"USW00023174","LOS ANGELES INTERNATIONAL AIRPORT, CA US","2016-03","54","47","77","859","60.5","67.0","53.9"
"USW00023174","LOS ANGELES INTERNATIONAL AIRPORT, CA US","2016-04","86","51","84","935","63.5","70.8","56.3"
"USW00023174","LOS ANGELES INTERNATIONAL AIRPORT, CA US","2016-05","87","53","71","1005","62.8","67.8","57.7"
"USW00023174","LOS ANGELES INTERNATIONAL AIRPORT, CA US","2016-06","158","56","85","1025","66.9","72.4","61.3"
"USW00023174","LOS ANGELES INTERNATIONAL AIRPORT, CA US","2016-07","364","63","86","0","71.6","77.4","65.9"
"USW00023174","LOS ANGELES INTERNATIONAL AIRPORT, CA US","2016-08","536","61","80","0","70.6","76.1","65.0"
"USW00023174","LOS ANGELES INTERNATIONAL AIRPORT, CA US","2016-09","718","58","101","0","71.1","77.7","64.4"
"USW00023174","LOS ANGELES INTERNATIONAL AIRPORT, CA US","2016-10","824","57","97","4","68.3","75.5","61.0"
"USW00023174","LOS ANGELES INTERNATIONAL AIRPORT, CA US","2016-11","899","47","94","85","64.8","74.5","55.1"
"USW00023174","LOS ANGELES INTERNATIONAL AIRPORT, CA US","2016-12","901","41","80","299","58.1","65.8","50.5"
"USW00023174","LOS ANGELES INTERNATIONAL AIRPORT, CA US","2017-01","0","40","76","586","55.8","62.7","48.8"
"USW00023174","LOS ANGELES INTERNATIONAL AIRPORT, CA US","2017-02","0","43","72","805","57.2","62.6","51.8"
"USW00023174","LOS ANGELES INTERNATIONAL AIRPORT, CA US","2017-03","1","46","79","929","61.0","69.3","52.8"
"USW00023174","LOS ANGELES INTERNATIONAL AIRPORT, CA US","2017-04","31","50","84","999","63.6","71.9","55.4"
"USW00023174","LOS ANGELES INTERNATIONAL AIRPORT, CA US","2017-05","51","48","87","1073","63.3","69.4","57.1"
"USW00023174","LOS ANGELES INTERNATIONAL AIRPORT, CA US","2017-06","108","56","82","1079","66.7","72.6","60.9"
"USW00023174","LOS ANGELES INTERNATIONAL AIRPORT, CA US","2017-07","315","62","88","0","71.7","77.5","65.8"
"USW00023174","LOS ANGELES INTERNATIONAL AIRPORT, CA US","2017-08","533","64","93","0","72.0","77.3","66.8"
"USW00023174","LOS ANGELES INTERNATIONAL AIRPORT, CA US","2017-09","730","56","97","1","71.5","78.5","64.6"
"USW00023174","LOS ANGELES INTERNATIONAL AIRPORT, CA US","2017-10","931","58","104","1","71.5","80.4","62.5"
"USW00023174","LOS ANGELES INTERNATIONAL AIRPORT, CA US","2017-11","978","50","94","33","65.5","73.7","57.3"
"USW00023174","LOS ANGELES INTERNATIONAL AIRPORT, CA US","2017-12","994","41","86","162","61.4","72.4","50.3"
"USW00023174","LOS ANGELES INTERNATIONAL AIRPORT, CA US","2018-01","25","44","89","285","61.9","71.1","52.6"
"USW00023174","LOS ANGELES INTERNATIONAL AIRPORT, CA US","2018-02","28","40","81","471","58.4","67.4","49.5"
"USW00023174","LOS ANGELES INTERNATIONAL AIRPORT, CA US","2018-03","28","44","79","668","58.7","65.2","52.1"
"USW00023174","LOS ANGELES INTERNATIONAL AIRPORT, CA US","2018-04","45","51","83","774","62.0","69.1","54.9"
"USW00023174","LOS ANGELES INTERNATIONAL AIRPORT, CA US","2018-05","47","54","76","841","62.9","68.3","57.5"
"USW00023174","LOS ANGELES INTERNATIONAL AIRPORT, CA US","2018-06","111","57","76","843","67.0","72.5","61.6"
"USW00023174","LOS ANGELES INTERNATIONAL AIRPORT, CA US","2018-07","406","64","93","0","74.5","80.1","68.9"
"USW00023174","LOS ANGELES INTERNATIONAL AIRPORT, CA US","2018-08","708","64","94","0","74.7","80.6","68.9"
"USW00023174","LOS ANGELES INTERNATIONAL AIRPORT, CA US","2018-09","863","61","82","0","70.1","75.7","64.6"
"USW00023174","LOS ANGELES INTERNATIONAL AIRPORT, CA US","2018-10","980","56","89","2","68.7","75.6","61.8"
"USW00023174","LOS ANGELES INTERNATIONAL AIRPORT, CA US","2018-11","1019","50","86","40","65.0","74.1","56.0"
"USW00023174","LOS ANGELES INTERNATIONAL AIRPORT, CA US","2018-12","1019","40","78","236","58.7","66.3","51.0"
"USW00023174","LOS ANGELES INTERNATIONAL AIRPORT, CA US","2019-01","0","39","78","469","57.5","64.9","50.0"
"USW00023174","LOS ANGELES INTERNATIONAL AIRPORT, CA US","2019-02","0","41","68","788","53.6","60.3","46.9"
"USW00023174","LOS ANGELES INTERNATIONAL AIRPORT, CA US","2019-03","7","47","81","966","59.5","66.7","52.3"
"USW00023174","LOS ANGELES INTERNATIONAL AIRPORT, CA US","2019-04","22","52","81","1051","62.7","69.0","56.3"
"USW00023174","LOS ANGELES INTERNATIONAL AIRPORT, CA US","2019-05","23","50","73","1142","62.1","67.3","56.9"
"USW00023174","LOS ANGELES INTERNATIONAL AIRPORT, CA US","2019-06","72","59","80","1148","66.5","71.2","61.7"
"USW00023174","LOS ANGELES INTERNATIONAL AIRPORT, CA US","2019-07","209","62","87","0","69.4","75.0","63.8"
"USW00023174","LOS ANGELES INTERNATIONAL AIRPORT, CA US","2019-08","378","60","85","0","70.5","76.3","64.6"
"USW00023174","LOS ANGELES INTERNATIONAL AIRPORT, CA US","2019-09","631","57","93","0","73.4","80.2","66.6"
"USW00023174","LOS ANGELES INTERNATIONAL AIRPORT, CA US","2019-10","795","53","98","6","70.1","80.2","60.0"
"USW00023174","LOS ANGELES INTERNATIONAL AIRPORT, CA US","2019-11","841","43","93","93","63.6","72.3","55.0"
"USW00023174","LOS ANGELES INTERNATIONAL AIRPORT, CA US","2019-12","841","43","78","285","58.8","66.3","51.3"
"USW00023174","LOS ANGELES INTERNATIONAL AIRPORT, CA US","2020-01","8","46","81","465","59.5","67.8","51.1"
"USW00023174","LOS ANGELES INTERNATIONAL AIRPORT, CA US","2020-02","34","44","87","605","61.0","69.8","52.3"
"USW00023174","LOS ANGELES INTERNATIONAL AIRPORT, CA US","2020-03","38","47","80","768","59.9","66.4","53.3"
"USW00023174","LOS ANGELES INTERNATIONAL AIRPORT, CA US","2020-04","79","51","86","851","63.6","69.9","57.3"
"USW00023174","LOS ANGELES INTERNATIONAL AIRPORT, CA US","2020-05","128","54","87","868","66.1","72.7","59.4"
"USW00023174","LOS ANGELES INTERNATIONAL AIRPORT, CA US","2020-06","199","58","89","868","67.4","73.1","61.7"
"USW00023174","LOS ANGELES INTERNATIONAL AIRPORT, CA US","2020-07","285","58","81","3","67.7","73.7","61.7"
"USW00023174","LOS ANGELES INTERNATIONAL AIRPORT, CA US","2020-08","488","60","93","4","71.5","77.6","65.4"
"USW00023174","LOS ANGELES INTERNATIONAL AIRPORT, CA US","2020-09","663","60","99","4","70.8","78.0","63.7"
"USW00023174","LOS ANGELES INTERNATIONAL AIRPORT, CA US","2020-10","811","52","92","9","69.6","77.3","61.9"
"USW00023174","LOS ANGELES INTERNATIONAL AIRPORT, CA US","2020-11","831","43","91","170","60.3","69.5","51.0"
"USW00023174","LOS ANGELES INTERNATIONAL AIRPORT, CA US","2020-12","836","42","82","373","58.6","69.1","48.1"
"USW00023174","LOS ANGELES INTERNATIONAL AIRPORT, CA US","2021-01","14","42","87","615","57.6","67.2","48.1"
"USW00023174","LOS ANGELES INTERNATIONAL AIRPORT, CA US","2021-02","14","44","81","815","57.8","66.3","49.4"
"USW00023174","LOS ANGELES INTERNATIONAL AIRPORT, CA US","2021-03","17","42","84","1081","56.5","64.7","48.4"
"USW00023174","LOS ANGELES INTERNATIONAL AIRPORT, CA US","2021-04","34","48","87","1220","60.9","68.0","53.9"
"USW00023174","LOS ANGELES INTERNATIONAL AIRPORT, CA US","2021-05","38","51","75","1307","62.3","67.4","57.3"
"USW00023174","LOS ANGELES INTERNATIONAL AIRPORT, CA US","2021-06","72","56","80","1323","65.6","71.0","60.2"
"USW00023174","LOS ANGELES INTERNATIONAL AIRPORT, CA US","2021-07","188","60","79","0","68.8","73.6","63.9"
"USW00023174","LOS ANGELES INTERNATIONAL AIRPORT, CA US","2021-08","334","61","80","0","69.7","75.1","64.3"
"USW00023174","LOS ANGELES INTERNATIONAL AIRPORT, CA US","2021-09","438","59","87","1","68.4","74.4","62.4"
"USW00023174","LOS ANGELES INTERNATIONAL AIRPORT, CA US","2021-10","510","52","89","52","65.7","74.0","57.3"
"USW00023174","LOS ANGELES INTERNATIONAL AIRPORT, CA US","2021-11","559","50","91","139","63.7","71.7","55.7"
"USW00023174","LOS ANGELES INTERNATIONAL AIRPORT, CA US","2021-12","559","40","70","440","55.3","61.7","48.9"
"USW00023174","LOS ANGELES INTERNATIONAL AIRPORT, CA US","2022-01","4","44","80","622","59.3","68.5","50.0"
"USW00023174","LOS ANGELES INTERNATIONAL AIRPORT, CA US","2022-02","27","39","89","789","59.8","70.9","48.8"
"USW00023174","LOS ANGELES INTERNATIONAL AIRPORT, CA US","2022-03","37","44","84","926","60.9","69.2","52.6"
"USW00023174","LOS ANGELES INTERNATIONAL AIRPORT, CA US","2022-04","70","51","95","1017","63.1","70.3","56.0"
"USW00023174","LOS ANGELES INTERNATIONAL AIRPORT, CA US","2022-05","84","51","81","1071","63.7","69.7","57.6"
"USW00023174","LOS ANGELES INTERNATIONAL AIRPORT, CA US","2022-06","174","59","80","1071","68.0","73.7","62.4"
"USW00023174","LOS ANGELES INTERNATIONAL AIRPORT, CA US","2022-07","315","62","85","0","69.6","75.1","64.0"
"USW00023174","LOS ANGELES INTERNATIONAL AIRPORT, CA US","2022-08","539","62","84","0","72.2","78.0","66.4"
"USW00023174","LOS ANGELES INTERNATIONAL AIRPORT, CA US","2022-09","870","62","102","0","76.0","83.2","68.8"
"USW00023174","LOS ANGELES INTERNATIONAL AIRPORT, CA US","2022-10","982","54","94","3","68.5","74.8","62.2"
"USW00023174","LOS ANGELES INTERNATIONAL AIRPORT, CA US","2022-11","982","46","78","151","60.1","69.6","50.5"
"USW00023174","LOS ANGELES INTERNATIONAL AIRPORT, CA US","2022-12","986","43","83","411","56.7","64.2","49.3"
"USW00024233","SEATTLE TACOMA AIRPORT, WA US","2016-01","0","25","58","2380","43.7","49.0","38.4"
"USW00024233","SEATTLE TACOMA AIRPORT, WA US","2016-02","0","34","63","2891","47.4","53.5","41.2"
"USW00024233","SEATTLE TACOMA AIRPORT, WA US","2016-03","0","34","71","3376","49.4","56.4","42.3"
"USW00024233","SEATTLE TACOMA AIRPORT, WA US","2016-04","13","43","89","3638","56.7","65.9","47.5"
"USW00024233","SEATTLE TACOMA AIRPORT, WA US","2016-05","25","46","87","3812","59.8","68.8","50.7"
"USW00024233","SEATTLE TACOMA AIRPORT, WA US","2016-06","77","44","93","3908","63.5","73.1","53.9"
"USW00024233","SEATTLE TACOMA AIRPORT, WA US","2016-07","146","55","89","13","66.8","76.0","57.6"
"USW00024233","SEATTLE TACOMA AIRPORT, WA US","2016-08","275","53","95","26","68.7","79.6","57.9"
"USW00024233","SEATTLE TACOMA AIRPORT, WA US","2016-09","277","46","78","142","61.2","69.6","52.9"
"USW00024233","SEATTLE TACOMA AIRPORT, WA US","2016-10","277","43","67","458","54.8","60.5","49.1"
"USW00024233","SEATTLE TACOMA AIRPORT, WA US","2016-11","277","39","70","882","50.9","56.0","45.7"
"USW00024233","SEATTLE TACOMA AIRPORT, WA US","2016-12","277","23","50","1719","38.0","41.9","34.1"
"USW00024233","SEATTLE TACOMA AIRPORT, WA US","2017-01","0","20","54","2559","37.9","43.7","32.1"
"USW00024233","SEATTLE TACOMA AIRPORT, WA US","2017-02","0","29","58","3222","41.3","46.6","36.0"
"USW00024233","SEATTLE TACOMA AIRPORT, WA US","2017-03","0","34","58","3809","46.1","51.5","40.5"
"USW00024233","SEATTLE TACOMA AIRPORT, WA US","2017-04","0","38","66","4241","50.6","57.3","44.0"
"USW00024233","SEATTLE TACOMA AIRPORT, WA US","2017-05","17","43","86","4478","57.9","67.0","48.8"
"USW00024233","SEATTLE TACOMA AIRPORT, WA US","2017-06","59","48","96","4582","62.9","72.1","53.7"
"USW00024233","SEATTLE TACOMA AIRPORT, WA US","2017-07","139","53","87","8","67.3","78.3","56.3"
"USW00024233","SEATTLE TACOMA AIRPORT, WA US","2017-08","304","54","94","10","70.3","81.5","59.0"
"USW00024233","SEATTLE TACOMA AIRPORT, WA US","2017-09","376","50","90","92","64.7","73.8","55.6"
"USW00024233","SEATTLE TACOMA AIRPORT, WA US","2017-10","376","38","69","458","53.2","61.1","45.3"
"USW00024233","SEATTLE TACOMA AIRPORT, WA US","2017-11","376","33","68","1008","46.7","51.3","42.0"
"USW00024233","SEATTLE TACOMA AIRPORT, WA US","2017-12","376","28","54","1781","40.1","45.5","34.6"
"USW00024233","SEATTLE TACOMA AIRPORT, WA US","2018-01","0","31","64","2402","45.0","49.7","40.3"
"USW00024233","SEATTLE TACOMA AIRPORT, WA US","2018-02","0","24","55","3069","41.2","45.8","36.6"
"USW00024233","SEATTLE TACOMA AIRPORT, WA US","2018-03","0","33","73","3648","46.3","54.0","38.6"
"USW00024233","SEATTLE TACOMA AIRPORT, WA US","2018-04","2","36","82","4059","51.3","58.6","44.1"
"USW00024233","SEATTLE TACOMA AIRPORT, WA US","2018-05","16","45","88","4192","61.2","70.8","51.5"
"USW00024233","SEATTLE TACOMA AIRPORT, WA US","2018-06","50","48","88","4297","62.6","71.9","53.4"
"USW00024233","SEATTLE TACOMA AIRPORT, WA US","2018-07","236","50","94","11","70.7","82.8","58.5"
"USW00024233","SEATTLE TACOMA AIRPORT, WA US","2018-08","371","53","94","27","68.8","79.1","58.5"
"USW00024233","SEATTLE TACOMA AIRPORT, WA US","2018-09","388","48","85","125","62.3","70.5","54.1"
"USW00024233","SEATTLE TACOMA AIRPORT, WA US","2018-10","388","43","72","473","53.8","60.5","47.0"
"USW00024233","SEATTLE TACOMA AIRPORT, WA US","2018-11","388","34","62","967","48.5","53.9","43.2"
"USW00024233","SEATTLE TACOMA AIRPORT, WA US","2018-12","388","31","59","1613","44.2","48.9","39.4"
"USW00024233","SEATTLE TACOMA AIRPORT, WA US","2019-01","0","31","61","2232","45.0","51.1","38.9"
"USW00024233","SEATTLE TACOMA AIRPORT, WA US","2019-02","0","20","50","3025","36.7","41.8","31.6"
"USW00024233","SEATTLE TACOMA AIRPORT, WA US","2019-03","5","28","79","3543","48.5","57.2","39.7"
"USW00024233","SEATTLE TACOMA AIRPORT, WA US","2019-04","5","37","70","3920","52.4","59.3","45.6"
"USW00024233","SEATTLE TACOMA AIRPORT, WA US","2019-05","19","43","86","4074","60.5","69.7","51.2"
"USW00024233","SEATTLE TACOMA AIRPORT, WA US","2019-06","55","50","95","4150","63.6","73.4","53.9"
"USW00024233","SEATTLE TACOMA AIRPORT, WA US","2019-07","147","55","91","14","67.5","76.5","58.5"
"USW00024233","SEATTLE TACOMA AIRPORT, WA US","2019-08","278","55","89","18","69.1","78.3","59.9"
"USW00024233","SEATTLE TACOMA AIRPORT, WA US","2019-09","308","44","81","114","62.8","69.4","56.1"
"USW00024233","SEATTLE TACOMA AIRPORT, WA US","2019-10","308","33","65","553","50.8","58.0","43.7"
"USW00024233","SEATTLE TACOMA AIRPORT, WA US","2019-11","308","26","61","1104","46.6","52.6","40.7"
"USW00024233","SEATTLE TACOMA AIRPORT, WA US","2019-12","308","30","56","1741","44.5","48.2","40.7"
"USW00024233","SEATTLE TACOMA AIRPORT, WA US","2020-01","0","28","62","2359","45.1","49.4","40.8"
"USW00024233","SEATTLE TACOMA AIRPORT, WA US","2020-02","0","31","58","2978","43.6","49.5","37.8"
"USW00024233","SEATTLE TACOMA AIRPORT, WA US","2020-03","0","32","62","3604","44.8","51.3","38.3"
"USW00024233","SEATTLE TACOMA AIRPORT, WA US","2020-04","0","35","71","3984","52.3","61.0","43.6"
"USW00024233","SEATTLE TACOMA AIRPORT, WA US","2020-05","27","39","87","4189","59.3","68.0","50.5"
"USW00024233","SEATTLE TACOMA AIRPORT, WA US","2020-06","52","49","85","4309","61.8","70.3","53.4"
"USW00024233","SEATTLE TACOMA AIRPORT, WA US","2020-07","142","54","94","27","67.0","76.8","57.2"
"USW00024233","SEATTLE TACOMA AIRPORT, WA US","2020-08","245","51","98","40","67.9","78.4","57.4"
"USW00024233","SEATTLE TACOMA AIRPORT, WA US","2020-09","313","50","91","92","65.5","74.3","56.7"
"USW00024233","SEATTLE TACOMA AIRPORT, WA US","2020-10","313","34","73","423","54.3","60.2","48.4"
"USW00024233","SEATTLE TACOMA AIRPORT, WA US","2020-11","313","31","66","983","46.3","51.4","41.3"
"USW00024233","SEATTLE TACOMA AIRPORT, WA US","2020-12","313","28","60","1622","44.4","49.8","38.9"
"USW00024233","SEATTLE TACOMA AIRPORT, WA US","2021-01","0","29","58","2279","43.8","48.8","38.8"
"USW00024233","SEATTLE TACOMA AIRPORT, WA US","2021-02","0","25","53","2938","41.4","46.6","36.3"
"USW00024233","SEATTLE TACOMA AIRPORT, WA US","2021-03","0","31","62","3541","45.6","53.2","38.0"
"USW00024233","SEATTLE TACOMA AIRPORT, WA US","2021-04","0","34","80","3901","53.0","62.8","43.2"
"USW00024233","SEATTLE TACOMA AIRPORT, WA US","2021-05","2","44","80","4154","56.9","65.7","48.1"
"USW00024233","SEATTLE TACOMA AIRPORT, WA US","2021-06","125","44","108","4245","66.1","76.5","55.5"
"USW00024233","SEATTLE TACOMA AIRPORT, WA US","2021-07","229","53","92","11","68.0","79.1","56.9"
"USW00024233","SEATTLE TACOMA AIRPORT, WA US","2021-08","340","50","95","45","67.5","77.8","57.1"
"USW00024233","SEATTLE TACOMA AIRPORT, WA US","2021-09","362","47","81","160","61.9","70.4","53.4"
"USW00024233","SEATTLE TACOMA AIRPORT, WA US","2021-10","362","36","69","569","51.8","57.9","45.8"
"USW00024233","SEATTLE TACOMA AIRPORT, WA US","2021-11","362","31","63","1082","47.9","53.0","42.7"
"USW00024233","SEATTLE TACOMA AIRPORT, WA US","2021-12","362","17","56","1918","38.0","41.9","34.2"
"USW00024233","SEATTLE TACOMA AIRPORT, WA US","2022-01","0","22","56","2662","41.0","46.2","35.8"
"USW00024233","SEATTLE TACOMA AIRPORT, WA US","2022-02","0","23","57","3303","42.1","47.8","36.4"
"USW00024233","SEATTLE TACOMA AIRPORT, WA US","2022-03","0","29","63","3863","46.9","53.1","40.8"
"USW00024233","SEATTLE TACOMA AIRPORT, WA US","2022-04","0","32","73","4401","47.1","54.7","39.5"
"USW00024233","SEATTLE TACOMA AIRPORT, WA US","2022-05","0","40","71","4785","52.6","60.0","45.2"
"USW00024233","SEATTLE TACOMA AIRPORT, WA US","2022-06","30","48","91","4930","61.1","69.1","53.2"
"USW00024233","SEATTLE TACOMA AIRPORT, WA US","2022-07","171","51","95","23","68.8","79.8","57.8"
"USW00024233","SEATTLE TACOMA AIRPORT, WA US","2022-08","330","53","91","27","70.0","80.9","59.1"
"USW00024233","SEATTLE TACOMA AIRPORT, WA US","2022-09","364","49","92","66","64.8","74.6","55.1"
"USW00024233","SEATTLE TACOMA AIRPORT, WA US","2022-10","375","41","88","305","57.6","66.2","49.1"
"USW00024233","SEATTLE TACOMA AIRPORT, WA US","2022-11","375","29","57","997","41.9","48.1","35.8"
"USW00024233","SEATTLE TACOMA AIRPORT, WA US","2022-12","375","18","57","1808","38.8","43.2","34.4"
"USW00003017","DENVER INTERNATIONAL AIRPORT, CO US","2016-01","0","5","65","3229","31.9","43.5","20.3"
"USW00003017","DENVER INTERNATIONAL AIRPORT, CO US","2016-02","0","1","73","4014","37.9","52.3","23.6"
"USW00003017","DENVER INTERNATIONAL AIRPORT, CO US","2016-03","0","10","74","4738","41.6","54.9","28.4"
"USW00003017","DENVER INTERNATIONAL AIRPORT, CO US","2016-04","0","25","77","5271","47.2","59.4","35.1"
"USW00003017","DENVER INTERNATIONAL AIRPORT, CO US","2016-05","3","28","83","5602","54.4","66.9","41.9"
"USW00003017","DENVER INTERNATIONAL AIRPORT, CO US","2016-06","181","49","98","5606","70.8","85.5","56.2"
"USW00003017","DENVER INTERNATIONAL AIRPORT, CO US","2016-07","530","51","102","0","76.2","92.0","60.5"
"USW00003017","DENVER INTERNATIONAL AIRPORT, CO US","2016-08","740","47","97","16","71.2","86.3","56.2"
"USW00003017","DENVER INTERNATIONAL AIRPORT, CO US","2016-09","835","37","93","82","66.0","82.3","49.7"
"USW00003017","DENVER INTERNATIONAL AIRPORT, CO US","2016-10","850","25","86","321","57.8","74.4","41.2"
"USW00003017","DENVER INTERNATIONAL AIRPORT, CO US","2016-11","850","10","80","915","45.2","59.9","30.5"
"USW00003017","DENVER INTERNATIONAL AIRPORT, CO US","2016-12","850","-15","65","2065","27.9","42.7","13.1"
"USW00003017","DENVER INTERNATIONAL AIRPORT, CO US","2017-01","0","-7","63","3147","30.1","42.3","17.9"
"USW00003017","DENVER INTERNATIONAL AIRPORT, CO US","2017-02","0","11","80","3838","40.3","53.9","26.8"
"USW00003017","DENVER INTERNATIONAL AIRPORT, CO US","2017-03","0","14","81","4365","48.0","64.0","32.0"
"USW00003017","DENVER INTERNATIONAL AIRPORT, CO US","2017-04","0","24","79","4848","48.9","63.2","34.6"
"USW00003017","DENVER INTERNATIONAL AIRPORT, CO US","2017-05","6","32","86","5135","55.9","69.6","42.3"
"USW00003017","DENVER INTERNATIONAL AIRPORT, CO US","2017-06","168","42","99","5161","69.5","85.5","53.6"
"USW00003017","DENVER INTERNATIONAL AIRPORT, CO US","2017-07","521","51","100","0","76.4","91.5","61.3"
"USW00003017","DENVER INTERNATIONAL AIRPORT, CO US","2017-08","731","51","95","9","71.5","85.7","57.3"
"USW00003017","DENVER INTERNATIONAL AIRPORT, CO US","2017-09","858","40","97","133","65.1","79.0","51.3"
"USW00003017","DENVER INTERNATIONAL AIRPORT, CO US","2017-10","859","13","84","594","50.1","64.5","35.8"
"USW00003017","DENVER INTERNATIONAL AIRPORT, CO US","2017-11","859","22","81","1184","45.3","61.1","29.5"
"USW00003017","DENVER INTERNATIONAL AIRPORT, CO US","2017-12","859","-4","69","2168","33.3","48.3","18.2"
"USW00003017","DENVER INTERNATIONAL AIRPORT, CO US","2018-01","0","-4","68","3106","34.7","49.2","20.3"
"USW00003017","DENVER INTERNATIONAL AIRPORT, CO US","2018-02","0","-7","69","4086","30.0","44.5","15.5"
"USW00003017","DENVER INTERNATIONAL AIRPORT, CO US","2018-03","0","13","73","4776","42.7","58.5","27.0"
"USW00003017","DENVER INTERNATIONAL AIRPORT, CO US","2018-04","1","21","83","5291","47.9","63.2","32.5"
"USW00003017","DENVER INTERNATIONAL AIRPORT, CO US","2018-05","46","40","94","5447","61.4","75.4","47.4"
"USW00003017","DENVER INTERNATIONAL AIRPORT, CO US","2018-06","281","44","105","5458","72.4","88.8","56.0"
"USW00003017","DENVER INTERNATIONAL AIRPORT, CO US","2018-07","599","47","99","0","75.3","90.2","60.3"
"USW00003017","DENVER INTERNATIONAL AIRPORT, CO US","2018-08","839","46","95","10","72.4","86.8","58.0"
"USW00003017","DENVER INTERNATIONAL AIRPORT, CO US","2018-09","995","36","96","82","67.8","82.7","52.8"
"USW00003017","DENVER INTERNATIONAL AIRPORT, CO US","2018-10","998","18","86","575","49.2","61.6","36.8"
"USW00003017","DENVER INTERNATIONAL AIRPORT, CO US","2018-11","998","10","65","1389","37.9","50.6","25.1"
"USW00003017","DENVER INTERNATIONAL AIRPORT, CO US","2018-12","998","0","63","2395","32.5","46.1","19.0"
"USW00003017","DENVER INTERNATIONAL AIRPORT, CO US","2019-01","0","-5","62","3415","32.1","44.6","19.6"
"USW00003017","DENVER INTERNATIONAL AIRPORT, CO US","2019-02","0","-11","65","4448","28.1","40.8","15.4"
"USW00003017","DENVER INTERNATIONAL AIRPORT, CO US","2019-03","0","-6","73","5371","35.2","46.7","23.7"
"USW00003017","DENVER INTERNATIONAL AIRPORT, CO US","2019-04","0","17","80","5846","49.2","62.7","35.6"
"USW00003017","DENVER INTERNATIONAL AIRPORT, CO US","2019-05","4","30","83","6266","51.6","63.9","39.3"
"USW00003017","DENVER INTERNATIONAL AIRPORT, CO US","2019-06","87","42","96","6330","65.6","80.1","51.2"
"USW00003017","DENVER INTERNATIONAL AIRPORT, CO US","2019-07","420","52","101","0","75.7","91.0","60.4"
"USW00003017","DENVER INTERNATIONAL AIRPORT, CO US","2019-08","741","51","99","0","75.4","90.6","60.2"
"USW00003017","DENVER INTERNATIONAL AIRPORT, CO US","2019-09","895","40","100","24","69.3","85.5","53.2"
"USW00003017","DENVER INTERNATIONAL AIRPORT, CO US","2019-10","896","3","83","683","43.8","58.5","29.0"
"USW00003017","DENVER INTERNATIONAL AIRPORT, CO US","2019-11","896","-2","77","1545","36.3","49.7","22.8"
"USW00003017","DENVER INTERNATIONAL AIRPORT, CO US","2019-12","896","3","67","2513","33.8","45.3","22.2"
"USW00003017","DENVER INTERNATIONAL AIRPORT, CO US","2020-01","0","7","62","3453","34.7","48.0","21.3"
"USW00003017","DENVER INTERNATIONAL AIRPORT, CO US","2020-02","0","-5","74","4519","28.2","40.0","16.5"
"USW00003017","DENVER INTERNATIONAL AIRPORT, CO US","2020-03","0","11","68","5216","42.5","56.0","29.1"
"USW00003017","DENVER INTERNATIONAL AIRPORT, CO US","2020-04","0","11","81","5777","46.3","61.1","31.4"
"USW00003017","DENVER INTERNATIONAL AIRPORT, CO US","2020-05","38","30","92","5983","59.6","74.9","44.2"
"USW00003017","DENVER INTERNATIONAL AIRPORT, CO US","2020-06","247","41","96","6011","71.1","87.7","54.4"
"USW00003017","DENVER INTERNATIONAL AIRPORT, CO US","2020-07","605","52","99","0","76.5","92.4","60.7"
"USW00003017","DENVER INTERNATIONAL AIRPORT, CO US","2020-08","978","46","100","1","77.0","93.5","60.6"
"USW00003017","DENVER INTERNATIONAL AIRPORT, CO US","2020-09","1119","31","101","129","65.4","80.7","50.2"
"USW00003017","DENVER INTERNATIONAL AIRPORT, CO US","2020-10","1129","4","87","607","49.9","66.3","33.5"
"USW00003017","DENVER INTERNATIONAL AIRPORT, CO US","2020-11","1129","14","79","1245","43.7","58.7","28.8"
"USW00003017","DENVER INTERNATIONAL AIRPORT, CO US","2020-12","1129","5","68","2232","33.2","45.5","20.8"
"USW00003017","DENVER INTERNATIONAL AIRPORT, CO US","2021-01","0","2","63","3194","34.0","46.2","21.8"
"USW00003017","DENVER INTERNATIONAL AIRPORT, CO US","2021-02","0","-16","67","4300","25.5","38.5","12.5"
"USW00003017","DENVER INTERNATIONAL AIRPORT, CO US","2021-03","0","16","75","5092","39.5","51.2","27.7"
"USW00003017","DENVER INTERNATIONAL AIRPORT, CO US","2021-04","0","15","81","5655","46.2","59.8","32.7"
"USW00003017","DENVER INTERNATIONAL AIRPORT, CO US","2021-05","9","32","86","5940","56.1","68.1","44.1"
"USW00003017","DENVER INTERNATIONAL AIRPORT, CO US","2021-06","227","44","101","5960","71.6","86.4","56.8"
"USW00003017","DENVER INTERNATIONAL AIRPORT, CO US","2021-07","589","52","102","0","76.7","91.4","62.0"
"USW00003017","DENVER INTERNATIONAL AIRPORT, CO US","2021-08","911","53","98","0","75.4","90.6","60.2"
"USW00003017","DENVER INTERNATIONAL AIRPORT, CO US","2021-09","1085","39","99","61","68.8","83.9","53.6"
"USW00003017","DENVER INTERNATIONAL AIRPORT, CO US","2021-10","1090","24","85","408","54.0","69.2","38.7"
"USW00003017","DENVER INTERNATIONAL AIRPORT, CO US","2021-11","1090","12","80","967","46.3","61.4","31.3"
"USW00003017","DENVER INTERNATIONAL AIRPORT, CO US","2021-12","1090","4","73","1789","38.5","54.1","22.9"
"USW00003017","DENVER INTERNATIONAL AIRPORT, CO US","2022-01","0","-9","62","2844","31.0","45.2","16.8"
"USW00003017","DENVER INTERNATIONAL AIRPORT, CO US","2022-02","0","-11","65","3847","29.2","42.3","16.0"
"USW00003017","DENVER INTERNATIONAL AIRPORT, CO US","2022-03","0","-7","80","4638","39.5","53.7","25.3"
"USW00003017","DENVER INTERNATIONAL AIRPORT, CO US","2022-04","5","10","89","5145","48.3","64.7","31.9"
"USW00003017","DENVER INTERNATIONAL AIRPORT, CO US","2022-05","29","31","90","5423","56.8","71.7","42.0"
"USW00003017","DENVER INTERNATIONAL AIRPORT, CO US","2022-06","217","39","100","5455","70.2","86.0","54.3"
"USW00003017","DENVER INTERNATIONAL AIRPORT, CO US","2022-07","622","53","101","0","78.0","93.5","62.7"
"USW00003017","DENVER INTERNATIONAL AIRPORT, CO US","2022-08","965","55","101","0","76.1","90.3","61.9"
"USW00003017","DENVER INTERNATIONAL AIRPORT, CO US","2022-09","1139","42","99","54","69.0","84.3","53.6"
"USW00003017","DENVER INTERNATIONAL AIRPORT, CO US","2022-10","1139","30","79","402","53.8","67.3","40.3"
"USW00003017","DENVER INTERNATIONAL AIRPORT, CO US","2022-11","1139","4","75","1280","35.7","48.8","22.7"
"USW00003017","DENVER INTERNATIONAL AIRPORT, CO US","2022-12","1139","-24","64","2384","29.4","44.7","14.2"
"USW00012839","MIAMI INTERNATIONAL AIRPORT, FL US","2016-01","116","46","84","43","67.4","74.3","60.4"
"USW00012839","MIAMI INTERNATIONAL AIRPORT, FL US","2016-02","247","50","86","74","68.5","75.3","61.6"
"USW00012839","MIAMI INTERNATIONAL AIRPORT, FL US","2016-03","604","57","91","74","76.5","83.4","69.6"
"USW00012839","MIAMI INTERNATIONAL AIRPORT, FL US","2016-04","965","65","91","74","77.1","83.9","70.2"
"USW00012839","MIAMI INTERNATIONAL AIRPORT, FL US","2016-05","1430","63","93","74","80.0","86.5","73.5"
"USW00012839","MIAMI INTERNATIONAL AIRPORT, FL US","2016-06","1984","72","95","74","83.5","90.1","76.9"
"USW00012839","MIAMI INTERNATIONAL AIRPORT, FL US","2016-07","2595","72","93","0","84.7","91.1","78.3"
"USW00012839","MIAMI INTERNATIONAL AIRPORT, FL US","2016-08","3178","73","94","0","83.8","90.5","77.1"
"USW00012839","MIAMI INTERNATIONAL AIRPORT, FL US","2016-09","3730","72","93","0","83.4","90.1","76.7"
"USW00012839","MIAMI INTERNATIONAL AIRPORT, FL US","2016-10","4218","67","92","0","80.7","86.5","75.0"
"USW00012839","MIAMI INTERNATIONAL AIRPORT, FL US","2016-11","4506","58","85","0","74.6","81.2","68.0"
"USW00012839","MIAMI INTERNATIONAL AIRPORT, FL US","2016-12","4868","56","87","0","76.7","82.6","70.8"
"USW00012839","MIAMI INTERNATIONAL AIRPORT, FL US","2017-01","252","51","87","15","72.6","80.6","64.7"
"USW00012839","MIAMI INTERNATIONAL AIRPORT, FL US","2017-02","480","57","87","15","73.1","81.3","65.0"
"USW00012839","MIAMI INTERNATIONAL AIRPORT, FL US","2017-03","743","53","87","19","73.3","80.5","66.2"
"USW00012839","MIAMI INTERNATIONAL AIRPORT, FL US","2017-04","1132","58","91","19","78.0","84.1","71.9"
"USW00012839","MIAMI INTERNATIONAL AIRPORT, FL US","2017-05","1667","66","98","19","82.2","89.5","74.9"
"USW00012839","MIAMI INTERNATIONAL AIRPORT, FL US","2017-06","2227","72","92","19","83.7","89.4","77.9"
"USW00012839","MIAMI INTERNATIONAL AIRPORT, FL US","2017-07","2869","72","94","0","85.7","91.8","79.6"
"USW00012839","MIAMI INTERNATIONAL AIRPORT, FL US","2017-08","3512","73","95","0","85.7","92.1","79.4"
"USW00012839","MIAMI INTERNATIONAL AIRPORT, FL US","2017-09","4105","74","94","0","84.8","90.6","78.9"
"USW00012839","MIAMI INTERNATIONAL AIRPORT, FL US","2017-10","4596","59","91","0","80.8","86.5","75.1"
"USW00012839","MIAMI INTERNATIONAL AIRPORT, FL US","2017-11","4964","65","87","0","77.3","83.9","70.6"
"USW00012839","MIAMI INTERNATIONAL AIRPORT, FL US","2017-12","5201","47","87","29","71.7","79.8","63.6"
"USW00012839","MIAMI INTERNATIONAL AIRPORT, FL US","2018-01","149","44","84","81","68.1","75.9","60.3"
"USW00012839","MIAMI INTERNATIONAL AIRPORT, FL US","2018-02","465","58","85","81","76.3","82.6","70.0"
"USW00012839","MIAMI INTERNATIONAL AIRPORT, FL US","2018-03","653","51","89","89","70.8","79.7","62.0"
"USW00012839","MIAMI INTERNATIONAL AIRPORT, FL US","2018-04","1017","60","91","89","77.1","84.9","69.3"
"USW00012839","MIAMI INTERNATIONAL AIRPORT, FL US","2018-05","1433","69","88","89","78.4","83.6","73.2"
"USW00012839","MIAMI INTERNATIONAL AIRPORT, FL US","2018-06","1961","71","94","89","82.6","89.5","75.7"
"USW00012839","MIAMI INTERNATIONAL AIRPORT, FL US","2018-07","2538","72","94","0","83.6","90.9","76.4"
"USW00012839","MIAMI INTERNATIONAL AIRPORT, FL US","2018-08","3111","73","94","0","83.5","90.0","77.0"
"USW00012839","MIAMI INTERNATIONAL AIRPORT, FL US","2018-09","3660","73","92","0","83.3","89.2","77.4"
"USW00012839","MIAMI INTERNATIONAL AIRPORT, FL US","2018-10","4165","65","91","0","81.3","87.3","75.3"
"USW00012839","MIAMI INTERNATIONAL AIRPORT, FL US","2018-11","4499","50","88","12","75.7","82.1","69.4"
"USW00012839","MIAMI INTERNATIONAL AIRPORT, FL US","2018-12","4724","52","87","23","71.9","78.7","65.1"
"USW00012839","MIAMI INTERNATIONAL AIRPORT, FL US","2019-01","134","46","84","62","68.1","76.0","60.1"
"USW00012839","MIAMI INTERNATIONAL AIRPORT, FL US","2019-02","410","57","85","62","74.9","81.4","68.3"
"USW00012839","MIAMI INTERNATIONAL AIRPORT, FL US","2019-03","684","54","89","64","73.8","81.3","66.2"
"USW00012839","MIAMI INTERNATIONAL AIRPORT, FL US","2019-04","1064","60","90","64","77.7","84.5","70.8"
"USW00012839","MIAMI INTERNATIONAL AIRPORT, FL US","2019-05","1596","72","95","64","82.2","88.4","75.9"
"USW00012839","MIAMI INTERNATIONAL AIRPORT, FL US","2019-06","2189","72","98","64","84.8","91.7","77.8"
"USW00012839","MIAMI INTERNATIONAL AIRPORT, FL US","2019-07","2811","73","98","0","85.1","92.1","78.0"
"USW00012839","MIAMI INTERNATIONAL AIRPORT, FL US","2019-08","3418","75","96","0","84.6","91.4","77.8"
"USW00012839","MIAMI INTERNATIONAL AIRPORT, FL US","2019-09","4024","73","96","0","85.2","91.1","79.3"
"USW00012839","MIAMI INTERNATIONAL AIRPORT, FL US","2019-10","4597","75","92","0","83.5","89.0","78.0"
"USW00012839","MIAMI INTERNATIONAL AIRPORT, FL US","2019-11","4930","57","91","4","76.0","83.2","68.7"
"USW00012839","MIAMI INTERNATIONAL AIRPORT, FL US","2019-12","5198","53","87","8","73.5","80.3","66.7"
"USW00012839","MIAMI INTERNATIONAL AIRPORT, FL US","2020-01","222","40","87","30","71.5","78.9","64.1"
"USW00012839","MIAMI INTERNATIONAL AIRPORT, FL US","2020-02","472","49","87","46","73.1","80.2","65.9"
"USW00012839","MIAMI INTERNATIONAL AIRPORT, FL US","2020-03","849","55","92","46","77.2","83.9","70.5"
"USW00012839","MIAMI INTERNATIONAL AIRPORT, FL US","2020-04","1355","67","97","46","81.9","89.1","74.6"
"USW00012839","MIAMI INTERNATIONAL AIRPORT, FL US","2020-05","1801","64","94","46","79.4","86.1","72.7"
"USW00012839","MIAMI INTERNATIONAL AIRPORT, FL US","2020-06","2384","71","98","46","84.4","90.4","78.4"
"USW00012839","MIAMI INTERNATIONAL AIRPORT, FL US","2020-07","3032","74","98","0","85.9","92.9","78.9"
"USW00012839","MIAMI INTERNATIONAL AIRPORT, FL US","2020-08","3661","71","94","0","85.3","91.5","79.1"
"USW00012839","MIAMI INTERNATIONAL AIRPORT, FL US","2020-09","4224","73","93","0","83.7","89.6","77.9"
"USW00012839","MIAMI INTERNATIONAL AIRPORT, FL US","2020-10","4756","72","92","0","82.2","87.8","76.5"
"USW00012839","MIAMI INTERNATIONAL AIRPORT, FL US","2020-11","5129","68","87","0","77.4","82.7","72.2"
"USW00012839","MIAMI INTERNATIONAL AIRPORT, FL US","2020-12","5303","47","85","38","69.4","77.2","61.6"
"USW00012839","MIAMI INTERNATIONAL AIRPORT, FL US","2021-01","128","49","86","56","68.6","76.6","60.5"
"USW00012839","MIAMI INTERNATIONAL AIRPORT, FL US","2021-02","410","49","86","73","74.4","81.0","67.9"
"USW00012839","MIAMI INTERNATIONAL AIRPORT, FL US","2021-03","705","57","86","73","74.5","81.7","67.4"
"USW00012839","MIAMI INTERNATIONAL AIRPORT, FL US","2021-04","1078","61","93","73","77.4","84.9","70.0"
"USW00012839","MIAMI INTERNATIONAL AIRPORT, FL US","2021-05","1582","71","94","73","81.2","87.2","75.2"
"USW00012839","MIAMI INTERNATIONAL AIRPORT, FL US","2021-06","2112","73","94","73","82.7","88.7","76.6"
"USW00012839","MIAMI INTERNATIONAL AIRPORT, FL US","2021-07","2691","71","94","0","83.7","90.0","77.3"
"USW00012839","MIAMI INTERNATIONAL AIRPORT, FL US","2021-08","3303","73","94","0","84.7","91.0","78.5"
"USW00012839","MIAMI INTERNATIONAL AIRPORT, FL US","2021-09","3846","74","96","0","83.1","90.2","76.0"
"USW00012839","MIAMI INTERNATIONAL AIRPORT, FL US","2021-10","4349","66","91","0","81.2","87.3","75.1"
"USW00012839","MIAMI INTERNATIONAL AIRPORT, FL US","2021-11","4591","57","85","0","73.1","79.6","66.5"
"USW00012839","MIAMI INTERNATIONAL AIRPORT, FL US","2021-12","4886","56","85","0","74.5","81.6","67.5"
"USW00012839","MIAMI INTERNATIONAL AIRPORT, FL US","2022-01","166","42","83","52","68.7","76.4","61.0"
"USW00012839","MIAMI INTERNATIONAL AIRPORT, FL US","2022-02","405","56","85","54","73.5","80.1","66.9"
"USW00012839","MIAMI INTERNATIONAL AIRPORT, FL US","2022-03","754","52","90","56","76.2","82.7","69.6"
"USW00012839","MIAMI INTERNATIONAL AIRPORT, FL US","2022-04","1162","57","92","56","78.6","84.9","72.3"
"USW00012839","MIAMI INTERNATIONAL AIRPORT, FL US","2022-05","1676","68","94","56","81.6","88.6","74.6"
"USW00012839","MIAMI INTERNATIONAL AIRPORT, FL US","2022-06","2198","68","92","56","82.4","89.1","75.7"
"USW00012839","MIAMI INTERNATIONAL AIRPORT, FL US","2022-07","2809","72","94","0","84.7","90.6","78.9"
"USW00012839","MIAMI INTERNATIONAL AIRPORT, FL US","2022-08","3447","76","96","0","85.6","91.8","79.4"
"USW00012839","MIAMI INTERNATIONAL AIRPORT, FL US","2022-09","4026","69","96","0","84.3","91.4","77.3"
"USW00012839","MIAMI INTERNATIONAL AIRPORT, FL US","2022-10","4507","63","91","0","80.5","87.2","73.9"
"USW00012839","MIAMI INTERNATIONAL AIRPORT, FL US","2022-11","4925","65","90","0","78.9","85.4","72.4"
"USW00012839","MIAMI INTERNATIONAL AIRPORT, FL US","2022-12","5195","45","85","42","72.3","79.0","65.6"
"USW00014922","MINNEAPOLIS ST. PAUL INTERNATIONAL AIRPORT, MN US","2016-01","0","-14","43","3737","17.7","24.2","11.2"
"USW00014922","MINNEAPOLIS ST. PAUL INTERNATIONAL AIRPORT, MN US","2016-02","0","-6","58","4895","25.1","31.9","18.2"
"USW00014922","MINNEAPOLIS ST. PAUL INTERNATIONAL AIRPORT, MN US","2016-03","0","13","70","5630","41.3","49.4","33.2"
"USW00014922","MINNEAPOLIS ST. PAUL INTERNATIONAL AIRPORT, MN US","2016-04","7","20","80","6144","48.1","56.9","39.3"
"USW00014922","MINNEAPOLIS ST. PAUL INTERNATIONAL AIRPORT, MN US","2016-05","73","34","92","6325","61.3","71.1","51.5"
"USW00014922","MINNEAPOLIS ST. PAUL INTERNATIONAL AIRPORT, MN US","2016-06","270","50","96","6332","71.3","80.5","62.1"
"USW00014922","MINNEAPOLIS ST. PAUL INTERNATIONAL AIRPORT, MN US","2016-07","586","52","97","1","75.2","84.0","66.3"
"USW00014922","MINNEAPOLIS ST. PAUL INTERNATIONAL AIRPORT, MN US","2016-08","848","56","91","4","73.3","81.9","64.8"
"USW00014922","MINNEAPOLIS ST. PAUL INTERNATIONAL AIRPORT, MN US","2016-09","933","46","84","56","66.1","74.0","58.2"
"USW00014922","MINNEAPOLIS ST. PAUL INTERNATIONAL AIRPORT, MN US","2016-10","935","36","76","433","52.9","61.1","44.7"
"USW00014922","MINNEAPOLIS ST. PAUL INTERNATIONAL AIRPORT, MN US","2016-11","935","22","73","1059","44.1","52.0","36.3"
"USW00014922","MINNEAPOLIS ST. PAUL INTERNATIONAL AIRPORT, MN US","2016-12","935","-20","43","2423","21.0","27.0","15.0"
"USW00014922","MINNEAPOLIS ST. PAUL INTERNATIONAL AIRPORT, MN US","2017-01","0","-9","42","3785","21.1","27.2","14.9"
"USW00014922","MINNEAPOLIS ST. PAUL INTERNATIONAL AIRPORT, MN US","2017-02","0","1","63","4729","31.3","40.2","22.4"
"USW00014922","MINNEAPOLIS ST. PAUL INTERNATIONAL AIRPORT, MN US","2017-03","0","5","65","5688","34.1","42.1","26.0"
"USW00014922","MINNEAPOLIS ST. PAUL INTERNATIONAL AIRPORT, MN US","2017-04","0","32","73","6124","50.5","59.3","41.6"
"USW00014922","MINNEAPOLIS ST. PAUL INTERNATIONAL AIRPORT, MN US","2017-05","20","35","84","6345","58.5","67.7","49.3"
"USW00014922","MINNEAPOLIS ST. PAUL INTERNATIONAL AIRPORT, MN US","2017-06","223","49","96","6358","71.3","81.3","61.4"
"USW00014922","MINNEAPOLIS ST. PAUL INTERNATIONAL AIRPORT, MN US","2017-07","543","58","96","0","75.3","84.8","65.8"
"USW00014922","MINNEAPOLIS ST. PAUL INTERNATIONAL AIRPORT, MN US","2017-08","667","54","89","9","68.7","77.0","60.4"
"USW00014922","MINNEAPOLIS ST. PAUL INTERNATIONAL AIRPORT, MN US","2017-09","804","46","94","78","67.2","77.0","57.5"
"USW00014922","MINNEAPOLIS ST. PAUL INTERNATIONAL AIRPORT, MN US","2017-10","804","27","78","502","51.3","59.6","43.1"
"USW00014922","MINNEAPOLIS ST. PAUL INTERNATIONAL AIRPORT, MN US","2017-11","804","11","60","1426","34.2","42.2","26.2"
"USW00014922","MINNEAPOLIS ST. PAUL INTERNATIONAL AIRPORT, MN US","2017-12","804","-16","57","2851","19.0","25.4","12.7"
"USW00014922","MINNEAPOLIS ST. PAUL INTERNATIONAL AIRPORT, MN US","2018-01","0","-14","47","4347","16.8","25.0","8.5"
"USW00014922","MINNEAPOLIS ST. PAUL INTERNATIONAL AIRPORT, MN US","2018-02","0","-7","47","5717","16.1","25.2","6.9"
"USW00014922","MINNEAPOLIS ST. PAUL INTERNATIONAL AIRPORT, MN US","2018-03","0","12","52","6724","32.5","40.3","24.7"
"USW00014922","MINNEAPOLIS ST. PAUL INTERNATIONAL AIRPORT, MN US","2018-04","4","8","84","7549","37.6","47.4","27.8"
"USW00014922","MINNEAPOLIS ST. PAUL INTERNATIONAL AIRPORT, MN US","2018-05","157","44","100","7615","67.8","78.3","57.3"
"USW00014922","MINNEAPOLIS ST. PAUL INTERNATIONAL AIRPORT, MN US","2018-06","389","56","99","7616","72.7","80.9","64.5"
"USW00014922","MINNEAPOLIS ST. PAUL INTERNATIONAL AIRPORT, MN US","2018-07","698","58","95","0","75.0","84.2","65.8"
"USW00014922","MINNEAPOLIS ST. PAUL INTERNATIONAL AIRPORT, MN US","2018-08","983","52","92","7","73.9","82.9","65.0"
"USW00014922","MINNEAPOLIS ST. PAUL INTERNATIONAL AIRPORT, MN US","2018-09","1105","36","92","125","65.1","73.3","57.0"
"USW00014922","MINNEAPOLIS ST. PAUL INTERNATIONAL AIRPORT, MN US","2018-10","1105","28","79","721","45.8","53.3","38.3"
"USW00014922","MINNEAPOLIS ST. PAUL INTERNATIONAL AIRPORT, MN US","2018-11","1105","6","51","1821","28.3","34.2","22.5"
"USW00014922","MINNEAPOLIS ST. PAUL INTERNATIONAL AIRPORT, MN US","2018-12","1105","6","46","3032","26.0","31.7","20.2"
"USW00014922","MINNEAPOLIS ST. PAUL INTERNATIONAL AIRPORT, MN US","2019-01","0","-28","47","4599","14.4","21.9","7.0"
"USW00014922","MINNEAPOLIS ST. PAUL INTERNATIONAL AIRPORT, MN US","2019-02","0","-12","39","6055","13.0","21.3","4.7"
"USW00014922","MINNEAPOLIS ST. PAUL INTERNATIONAL AIRPORT, MN US","2019-03","0","-13","64","7183","28.6","37.2","20.0"
"USW00014922","MINNEAPOLIS ST. PAUL INTERNATIONAL AIRPORT, MN US","2019-04","0","24","78","7747","46.2","55.2","37.2"
"USW00014922","MINNEAPOLIS ST. PAUL INTERNATIONAL AIRPORT, MN US","2019-05","19","35","88","8057","55.6","65.4","45.9"
"USW00014922","MINNEAPOLIS ST. PAUL INTERNATIONAL AIRPORT, MN US","2019-06","174","48","90","8068","69.8","79.2","60.3"
"USW00014922","MINNEAPOLIS ST. PAUL INTERNATIONAL AIRPORT, MN US","2019-07","495","59","95","0","75.4","83.8","67.0"
"USW00014922","MINNEAPOLIS ST. PAUL INTERNATIONAL AIRPORT, MN US","2019-08","682","53","88","1","71.0","79.4","62.6"
"USW00014922","MINNEAPOLIS ST. PAUL INTERNATIONAL AIRPORT, MN US","2019-09","793","45","88","62","66.7","74.7","58.7"
"USW00014922","MINNEAPOLIS ST. PAUL INTERNATIONAL AIRPORT, MN US","2019-10","793","23","73","647","46.1","53.1","39.1"
"USW00014922","MINNEAPOLIS ST. PAUL INTERNATIONAL AIRPORT, MN US","2019-11","793","5","46","1670","30.9","36.3","25.5"
"USW00014922","MINNEAPOLIS ST. PAUL INTERNATIONAL AIRPORT, MN US","2019-12","793","-5","44","2963","23.3","30.5","16.1"
"USW00014922","MINNEAPOLIS ST. PAUL INTERNATIONAL AIRPORT, MN US","2020-01","0","-9","38","4336","20.7","27.4","14.0"
"USW00014922","MINNEAPOLIS ST. PAUL INTERNATIONAL AIRPORT, MN US","2020-02","0","-12","46","5605","21.3","29.9","12.6"
"USW00014922","MINNEAPOLIS ST. PAUL INTERNATIONAL AIRPORT, MN US","2020-03","0","20","61","6450","37.7","45.2","30.2"
"USW00014922","MINNEAPOLIS ST. PAUL INTERNATIONAL AIRPORT, MN US","2020-04","0","19","74","7045","45.2","55.4","34.9"
"USW00014922","MINNEAPOLIS ST. PAUL INTERNATIONAL AIRPORT, MN US","2020-05","32","34","81","7273","58.7","67.1","50.3"
"USW00014922","MINNEAPOLIS ST. PAUL INTERNATIONAL AIRPORT, MN US","2020-06","269","53","96","7276","72.8","82.9","62.8"
"USW00014922","MINNEAPOLIS ST. PAUL INTERNATIONAL AIRPORT, MN US","2020-07","613","57","93","2","76.0","85.2","66.8"
"USW00014922","MINNEAPOLIS ST. PAUL INTERNATIONAL AIRPORT, MN US","2020-08","864","54","92","2","73.1","82.2","64.0"
"USW00014922","MINNEAPOLIS ST. PAUL INTERNATIONAL AIRPORT, MN US","2020-09","913","38","85","163","61.3","70.3","52.2"
"USW00014922","MINNEAPOLIS ST. PAUL INTERNATIONAL AIRPORT, MN US","2020-10","916","16","80","829","43.6","51.0","36.2"
"USW00014922","MINNEAPOLIS ST. PAUL INTERNATIONAL AIRPORT, MN US","2020-11","918","13","75","1621","38.7","47.0","30.3"
"USW00014922","MINNEAPOLIS ST. PAUL INTERNATIONAL AIRPORT, MN US","2020-12","918","-5","52","2849","25.4","33.0","17.8"
"USW00014922","MINNEAPOLIS ST. PAUL INTERNATIONAL AIRPORT, MN US","2021-01","0","1","39","4174","22.2","28.3","16.2"
"USW00014922","MINNEAPOLIS ST. PAUL INTERNATIONAL AIRPORT, MN US","2021-02","0","-19","47","5664","11.8","18.8","4.8"
"USW00014922","MINNEAPOLIS ST. PAUL INTERNATIONAL AIRPORT, MN US","2021-03","0","13","73","6420","40.6","50.1","31.1"
"USW00014922","MINNEAPOLIS ST. PAUL INTERNATIONAL AIRPORT, MN US","2021-04","1","20","85","6941","47.7","57.1","38.2"
"USW00014922","MINNEAPOLIS ST. PAUL INTERNATIONAL AIRPORT, MN US","2021-05","64","36","87","7155","60.2","70.0","50.4"
"USW00014922","MINNEAPOLIS ST. PAUL INTERNATIONAL AIRPORT, MN US","2021-06","423","51","99","7160","76.8","87.4","66.1"
"USW00014922","MINNEAPOLIS ST. PAUL INTERNATIONAL AIRPORT, MN US","2021-07","769","54","96","6","76.0","86.1","65.9"
"USW00014922","MINNEAPOLIS ST. PAUL INTERNATIONAL AIRPORT, MN US","2021-08","1049","56","91","6","74.0","83.0","65.0"
"USW00014922","MINNEAPOLIS ST. PAUL INTERNATIONAL AIRPORT, MN US","2021-09","1133","44","90","45","66.5","76.6","56.3"
"USW00014922","MINNEAPOLIS ST. PAUL INTERNATIONAL AIRPORT, MN US","2021-10","1153","31","79","357","55.6","63.8","47.3"
"USW00014922","MINNEAPOLIS ST. PAUL INTERNATIONAL AIRPORT, MN US","2021-11","1153","14","67","1195","37.1","44.7","29.4"
"USW00014922","MINNEAPOLIS ST. PAUL INTERNATIONAL AIRPORT, MN US","2021-12","1153","-7","58","2448","24.6","32.6","16.6"
"USW00014922","MINNEAPOLIS ST. PAUL INTERNATIONAL AIRPORT, MN US","2022-01","0","-17","42","4127","10.8","20.4","1.3"
"USW00014922","MINNEAPOLIS ST. PAUL INTERNATIONAL AIRPORT, MN US","2022-02","0","-9","44","5537","14.6","24.7","4.5"
"USW00014922","MINNEAPOLIS ST. PAUL INTERNATIONAL AIRPORT, MN US","2022-03","0","-1","65","6564","31.9","39.5","24.3"
"USW00014922","MINNEAPOLIS ST. PAUL INTERNATIONAL AIRPORT, MN US","2022-04","0","22","74","7282","41.1","48.6","33.5"
"USW00014922","MINNEAPOLIS ST. PAUL INTERNATIONAL AIRPORT, MN US","2022-05","63","39","92","7469","61.0","70.7","51.3"
"USW00014922","MINNEAPOLIS ST. PAUL INTERNATIONAL AIRPORT, MN US","2022-06","314","51","101","7479","73.0","83.1","63.0"
"USW00014922","MINNEAPOLIS ST. PAUL INTERNATIONAL AIRPORT, MN US","2022-07","664","59","95","0","76.3","85.3","67.3"
"USW00014922","MINNEAPOLIS ST. PAUL INTERNATIONAL AIRPORT, MN US","2022-08","897","56","95","0","72.5","81.4","63.6"
"USW00014922","MINNEAPOLIS ST. PAUL INTERNATIONAL AIRPORT, MN US","2022-09","1013","37","92","87","66.0","75.8","56.1"
"USW00014922","MINNEAPOLIS ST. PAUL INTERNATIONAL AIRPORT, MN US","2022-10","1023","23","80","506","51.8","62.1","41.5"
"USW00014922","MINNEAPOLIS ST. PAUL INTERNATIONAL AIRPORT, MN US","2022-11","1023","10","76","1402","35.1","42.4","27.9"
"USW00014922","MINNEAPOLIS ST. PAUL INTERNATIONAL AIRPORT, MN US","2022-12","1023","-12","39","2856","18.1","24.4","11.8"
"USW00014739","BOSTON LOGAN INTERNATIONAL AIRPORT, MA US","2016-01","0","8","58","2490","32.6","39.5","25.7"
"USW00014739","BOSTON LOGAN INTERNATIONAL AIRPORT, MA US","2016-02","0","-9","65","3367","34.8","43.8","25.8"
"USW00014739","BOSTON LOGAN INTERNATIONAL AIRPORT, MA US","2016-03","0","21","77","4064","42.5","50.0","35.0"
"USW00014739","BOSTON LOGAN INTERNATIONAL AIRPORT, MA US","2016-04","3","22","78","4604","47.1","54.6","39.6"
"USW00014739","BOSTON LOGAN INTERNATIONAL AIRPORT, MA US","2016-05","42","42","92","4842","58.6","66.5","50.7"
"USW00014739","BOSTON LOGAN INTERNATIONAL AIRPORT, MA US","2016-06","164","54","87","4861","68.4","76.8","60.0"
"USW00014739","BOSTON LOGAN INTERNATIONAL AIRPORT, MA US","2016-07","515","59","98","7","76.1","84.7","67.4"
"USW00014739","BOSTON LOGAN INTERNATIONAL AIRPORT, MA US","2016-08","869","61","98","7","76.4","84.7","68.1"
"USW00014739","BOSTON LOGAN INTERNATIONAL AIRPORT, MA US","2016-09","993","48","93","56","67.5","74.4","60.7"
"USW00014739","BOSTON LOGAN INTERNATIONAL AIRPORT, MA US","2016-10","1005","34","81","367","55.3","62.4","48.2"
"USW00014739","BOSTON LOGAN INTERNATIONAL AIRPORT, MA US","2016-11","1005","30","70","931","46.2","53.5","38.9"
"USW00014739","BOSTON LOGAN INTERNATIONAL AIRPORT, MA US","2016-12","1005","4","58","1852","35.3","42.0","28.7"
"USW00014739","BOSTON LOGAN INTERNATIONAL AIRPORT, MA US","2017-01","0","11","61","2778","35.1","41.0","29.3"
"USW00014739","BOSTON LOGAN INTERNATIONAL AIRPORT, MA US","2017-02","0","11","73","3571","36.7","44.7","28.6"
"USW00014739","BOSTON LOGAN INTERNATIONAL AIRPORT, MA US","2017-03","0","9","63","4529","34.1","41.4","26.7"
"USW00014739","BOSTON LOGAN INTERNATIONAL AIRPORT, MA US","2017-04","18","33","86","4946","51.7","59.8","43.5"
"USW00014739","BOSTON LOGAN INTERNATIONAL AIRPORT, MA US","2017-05","59","42","95","5256","56.3","62.5","50.1"
"USW00014739","BOSTON LOGAN INTERNATIONAL AIRPORT, MA US","2017-06","245","47","95","5308","69.5","78.4","60.5"
"USW00014739","BOSTON LOGAN INTERNATIONAL AIRPORT, MA US","2017-07","488","56","93","11","72.5","80.0","65.0"
"USW00014739","BOSTON LOGAN INTERNATIONAL AIRPORT, MA US","2017-08","709","57","91","14","72.0","79.5","64.5"
"USW00014739","BOSTON LOGAN INTERNATIONAL AIRPORT, MA US","2017-09","812","50","88","54","67.1","74.4","59.8"
"USW00014739","BOSTON LOGAN INTERNATIONAL AIRPORT, MA US","2017-10","851","40","80","205","61.4","68.9","53.8"
"USW00014739","BOSTON LOGAN INTERNATIONAL AIRPORT, MA US","2017-11","851","22","75","843","43.7","51.3","36.1"
"USW00014739","BOSTON LOGAN INTERNATIONAL AIRPORT, MA US","2017-12","851","2","59","1906","30.7","36.6","24.9"
"USW00014739","BOSTON LOGAN INTERNATIONAL AIRPORT, MA US","2018-01","0","-2","61","3032","28.7","35.9","21.4"
"USW00014739","BOSTON LOGAN INTERNATIONAL AIRPORT, MA US","2018-02","0","10","72","3785","38.1","46.4","29.8"
"USW00014739","BOSTON LOGAN INTERNATIONAL AIRPORT, MA US","2018-03","0","16","64","4644","37.3","43.1","31.5"
"USW00014739","BOSTON LOGAN INTERNATIONAL AIRPORT, MA US","2018-04","0","29","70","5233","45.4","52.9","37.8"
"USW00014739","BOSTON LOGAN INTERNATIONAL AIRPORT, MA US","2018-05","68","44","90","5392","62.1","71.7","52.5"
"USW00014739","BOSTON LOGAN INTERNATIONAL AIRPORT, MA US","2018-06","205","49","92","5449","67.7","75.7","59.6"
"USW00014739","BOSTON LOGAN INTERNATIONAL AIRPORT, MA US","2018-07","549","61","98","0","76.1","83.8","68.4"
"USW00014739","BOSTON LOGAN INTERNATIONAL AIRPORT, MA US","2018-08","934","62","98","0","77.4","84.8","70.0"
"USW00014739","BOSTON LOGAN INTERNATIONAL AIRPORT, MA US","2018-09","1084","53","97","29","69.0","75.2","62.8"
"USW00014739","BOSTON LOGAN INTERNATIONAL AIRPORT, MA US","2018-10","1106","34","86","379","54.4","61.6","47.2"
"USW00014739","BOSTON LOGAN INTERNATIONAL AIRPORT, MA US","2018-11","1106","14","70","1040","43.0","48.9","37.1"
"USW00014739","BOSTON LOGAN INTERNATIONAL AIRPORT, MA US","2018-12","1106","20","65","1898","37.3","44.0","30.6"
"USW00014739","BOSTON LOGAN INTERNATIONAL AIRPORT, MA US","2019-01","0","5","59","2958","30.8","38.5","23.1"
"USW00014739","BOSTON LOGAN INTERNATIONAL AIRPORT, MA US","2019-02","0","10","65","3837","33.6","40.8","26.5"
"USW00014739","BOSTON LOGAN INTERNATIONAL AIRPORT, MA US","2019-03","0","15","70","4639","39.1","46.7","31.5"
"USW00014739","BOSTON LOGAN INTERNATIONAL AIRPORT, MA US","2019-04","7","30","77","5046","51.7","59.5","43.9"
"USW00014739","BOSTON LOGAN INTERNATIONAL AIRPORT, MA US","2019-05","28","43","89","5289","57.8","65.2","50.5"
"USW00014739","BOSTON LOGAN INTERNATIONAL AIRPORT, MA US","2019-06","146","53","87","5310","68.2","75.7","60.8"
"USW00014739","BOSTON LOGAN INTERNATIONAL AIRPORT, MA US","2019-07","570","63","98","0","78.7","86.6","70.7"
"USW00014739","BOSTON LOGAN INTERNATIONAL AIRPORT, MA US","2019-08","853","57","95","0","74.1","81.7","66.5"
"USW00014739","BOSTON LOGAN INTERNATIONAL AIRPORT, MA US","2019-09","972","50","92","31","68.0","76.0","60.0"
"USW00014739","BOSTON LOGAN INTERNATIONAL AIRPORT, MA US","2019-10","980","42","81","273","57.5","63.8","51.0"
"USW00014739","BOSTON LOGAN INTERNATIONAL AIRPORT, MA US","2019-11","980","21","72","939","42.8","49.9","35.6"
"USW00014739","BOSTON LOGAN INTERNATIONAL AIRPORT, MA US","2019-12","980","15","63","1799","37.3","43.6","30.9"
"USW00014739","BOSTON LOGAN INTERNATIONAL AIRPORT, MA US","2020-01","0","14","74","2636","38.0","44.9","31.1"
"USW00014739","BOSTON LOGAN INTERNATIONAL AIRPORT, MA US","2020-02","0","12","64","3424","37.8","44.8","30.8"
"USW00014739","BOSTON LOGAN INTERNATIONAL AIRPORT, MA US","2020-03","0","19","72","4142","41.9","49.4","34.3"
"USW00014739","BOSTON LOGAN INTERNATIONAL AIRPORT, MA US","2020-04","0","31","62","4755","44.6","50.5","38.6"
"USW00014739","BOSTON LOGAN INTERNATIONAL AIRPORT, MA US","2020-05","32","34","83","5042","56.8","65.7","47.8"
"USW00014739","BOSTON LOGAN INTERNATIONAL AIRPORT, MA US","2020-06","200","47","92","5083","69.2","77.8","60.6"
"USW00014739","BOSTON LOGAN INTERNATIONAL AIRPORT, MA US","2020-07","520","59","95","0","75.3","82.8","67.8"
"USW00014739","BOSTON LOGAN INTERNATIONAL AIRPORT, MA US","2020-08","805","58","94","3","74.1","81.9","66.3"
"USW00014739","BOSTON LOGAN INTERNATIONAL AIRPORT, MA US","2020-09","893","44","85","74","65.6","73.8","57.3"
"USW00014739","BOSTON LOGAN INTERNATIONAL AIRPORT, MA US","2020-10","896","28","78","395","54.8","61.8","47.7"
"USW00014739","BOSTON LOGAN INTERNATIONAL AIRPORT, MA US","2020-11","896","22","75","906","48.0","56.7","39.2"
"USW00014739","BOSTON LOGAN INTERNATIONAL AIRPORT, MA US","2020-12","896","16","63","1804","36.0","42.7","29.3"
"USW00014739","BOSTON LOGAN INTERNATIONAL AIRPORT, MA US","2021-01","0","7","52","2856","31.1","36.9","25.2"
"USW00014739","BOSTON LOGAN INTERNATIONAL AIRPORT, MA US","2021-02","0","11","50","3811","30.9","36.2","25.6"
"USW00014739","BOSTON LOGAN INTERNATIONAL AIRPORT, MA US","2021-03","0","13","74","4521","42.1","51.3","32.8"
"USW00014739","BOSTON LOGAN INTERNATIONAL AIRPORT, MA US","2021-04","0","29","78","4948","50.8","58.8","42.7"
"USW00014739","BOSTON LOGAN INTERNATIONAL AIRPORT, MA US","2021-05","60","44","92","5121","61.4","69.9","52.9"
"USW00014739","BOSTON LOGAN INTERNATIONAL AIRPORT, MA US","2021-06","345","54","100","5124","74.4","83.6","65.1"
"USW00014739","BOSTON LOGAN INTERNATIONAL AIRPORT, MA US","2021-07","582","57","95","9","72.4","79.1","65.7"
"USW00014739","BOSTON LOGAN INTERNATIONAL AIRPORT, MA US","2021-08","950","62","96","9","76.9","83.7","70.0"
"USW00014739","BOSTON LOGAN INTERNATIONAL AIRPORT, MA US","2021-09","1103","52","86","23","69.6","76.7","62.6"
"USW00014739","BOSTON LOGAN INTERNATIONAL AIRPORT, MA US","2021-10","1116","41","78","194","59.9","66.1","53.7"
"USW00014739","BOSTON LOGAN INTERNATIONAL AIRPORT, MA US","2021-11","1116","26","70","802","44.7","52.1","37.4"
"USW00014739","BOSTON LOGAN INTERNATIONAL AIRPORT, MA US","2021-12","1116","20","64","1600","39.3","45.8","32.8"
"USW00014739","BOSTON LOGAN INTERNATIONAL AIRPORT, MA US","2022-01","0","4","52","2762","27.5","35.6","19.4"
"USW00014739","BOSTON LOGAN INTERNATIONAL AIRPORT, MA US","2022-02","0","10","69","3652","33.2","42.2","24.2"
"USW00014739","BOSTON LOGAN INTERNATIONAL AIRPORT, MA US","2022-03","0","17","68","4382","41.4","49.7","33.2"
"USW00014739","BOSTON LOGAN INTERNATIONAL AIRPORT, MA US","2022-04","0","35","73","4830","50.1","57.9","42.3"
"USW00014739","BOSTON LOGAN INTERNATIONAL AIRPORT, MA US","2022-05","52","41","89","5019","60.6","68.7","52.4"
"USW00014739","BOSTON LOGAN INTERNATIONAL AIRPORT, MA US","2022-06","178","51","90","5057","67.9","76.2","59.6"
"USW00014739","BOSTON LOGAN INTERNATIONAL AIRPORT, MA US","2022-07","565","61","100","0","77.5","86.5","68.4"
"USW00014739","BOSTON LOGAN INTERNATIONAL AIRPORT, MA US","2022-08","927","63","98","0","76.7","85.2","68.1"
"USW00014739","BOSTON LOGAN INTERNATIONAL AIRPORT, MA US","2022-09","995","48","84","61","65.2","72.2","58.2"
"USW00014739","BOSTON LOGAN INTERNATIONAL AIRPORT, MA US","2022-10","997","39","78","325","56.6","63.5","49.7"
"USW00014739","BOSTON LOGAN INTERNATIONAL AIRPORT, MA US","2022-11","1006","25","77","813","49.0","56.6","41.4"
"USW00014739","BOSTON LOGAN INTERNATIONAL AIRPORT, MA US","2022-12","1006","11","63","1670","37.4","44.1","30.6"
"USW00013752","ANNAPOLIS UNITED STATES NAVAL ACADEMY ASOS, MD US","2016-01","0","15","64","2006","34.8","42.2","27.4"
"USW00013752","ANNAPOLIS UNITED STATES NAVAL ACADEMY ASOS, MD US","2016-02","0","13","64","2745","38.4","45.9","30.9"
"USW00013752","ANNAPOLIS UNITED STATES NAVAL ACADEMY ASOS, MD US","2016-03","0","27","78","3205","50.2","58.6","41.7"
"USW00013752","ANNAPOLIS UNITED STATES NAVAL ACADEMY ASOS, MD US","2016-04","16","31","85","3534","54.6","63.4","45.8"
"USW00013752","ANNAPOLIS UNITED STATES NAVAL ACADEMY ASOS, MD US","2016-05","79","42","85","3697","61.7","68.2","55.2"
"USW00013752","ANNAPOLIS UNITED STATES NAVAL ACADEMY ASOS, MD US","2016-06","349","54","93","3697","74.0","81.4","66.6"
"USW00013752","ANNAPOLIS UNITED STATES NAVAL ACADEMY ASOS, MD US","2016-07","830","65","96","0","80.5","87.3","73.7"
"USW00013752","ANNAPOLIS UNITED STATES NAVAL ACADEMY ASOS, MD US","2016-08","1270","67","97","0","80.7","87.6","73.9"
"USW00013752","ANNAPOLIS UNITED STATES NAVAL ACADEMY ASOS, MD US","2016-09","1547","60","95","0","74.2","80.0","68.5"
"USW00013752","ANNAPOLIS UNITED STATES NAVAL ACADEMY ASOS, MD US","2016-10","1607","44","85","116","63.2","70.2","56.1"
"USW00013752","ANNAPOLIS UNITED STATES NAVAL ACADEMY ASOS, MD US","2016-11","1611","32","81","515","51.9","60.3","43.4"
"USW00013752","ANNAPOLIS UNITED STATES NAVAL ACADEMY ASOS, MD US","2016-12","1611","18","68","1223","42.2","49.1","35.3"
"USW00013752","ANNAPOLIS UNITED STATES NAVAL ACADEMY ASOS, MD US","2017-01","0","16","73","1954","41.4","47.3","35.6"
"USW00013752","ANNAPOLIS UNITED STATES NAVAL ACADEMY ASOS, MD US","2017-02","0","24","70","2497","45.6","54.1","37.1"
"USW00013752","ANNAPOLIS UNITED STATES NAVAL ACADEMY ASOS, MD US","2017-03","0","23","80","3095","45.7","53.8","37.5"
"USW00013752","ANNAPOLIS UNITED STATES NAVAL ACADEMY ASOS, MD US","2017-04","48","38","91","3253","61.3","69.1","53.5"
"USW00013752","ANNAPOLIS UNITED STATES NAVAL ACADEMY ASOS, MD US","2017-05","123","45","93","3341","64.6","72.1","57.1"
"USW00013752","ANNAPOLIS UNITED STATES NAVAL ACADEMY ASOS, MD US","2017-06","438","58","91","3343","75.4","83.2","67.6"
"USW00013752","ANNAPOLIS UNITED STATES NAVAL ACADEMY ASOS, MD US","2017-07","865","65","92","0","78.8","85.5","72.1"
"USW00013752","ANNAPOLIS UNITED STATES NAVAL ACADEMY ASOS, MD US","2017-08","1237","64","93","0","77.0","83.1","70.9"
"USW00013752","ANNAPOLIS UNITED STATES NAVAL ACADEMY ASOS, MD US","2017-09","1478","56","90","1","73.0","79.8","66.3"
"USW00013752","ANNAPOLIS UNITED STATES NAVAL ACADEMY ASOS, MD US","2017-10","1568","41","86","97","64.8","72.3","57.3"
"USW00013752","ANNAPOLIS UNITED STATES NAVAL ACADEMY ASOS, MD US","2017-11","1569","28","76","563","49.5","57.2","41.8"
"USW00013752","ANNAPOLIS UNITED STATES NAVAL ACADEMY ASOS, MD US","2017-12","1569","16","66","1387","38.4","44.9","32.0"
"USW00013752","ANNAPOLIS UNITED STATES NAVAL ACADEMY ASOS, MD US","2018-01","0","6","61","2347","34.0","42.1","26.0"
"USW00013752","ANNAPOLIS UNITED STATES NAVAL ACADEMY ASOS, MD US","2018-02","1","19","83","2920","44.5","52.5","36.6"
"USW00013752","ANNAPOLIS UNITED STATES NAVAL ACADEMY ASOS, MD US","2018-03","1","31","78","3599","43.1","49.5","36.7"
"USW00013752","ANNAPOLIS UNITED STATES NAVAL ACADEMY ASOS, MD US","2018-04","9","37","86","3922","54.5","63.3","45.7"
"USW00013752","ANNAPOLIS UNITED STATES NAVAL ACADEMY ASOS, MD US","2018-05","186","50","90","3925","70.8","78.2","63.4"
"USW00013752","ANNAPOLIS UNITED STATES NAVAL ACADEMY ASOS, MD US","2018-06","519","59","95","3925","76.1","83.0","69.2"
"USW00013752","ANNAPOLIS UNITED STATES NAVAL ACADEMY ASOS, MD US","2018-07","1007","65","96","0","80.7","87.5","74.0"
"USW00013752","ANNAPOLIS UNITED STATES NAVAL ACADEMY ASOS, MD US","2018-08","1502","61","94","0","81.0","88.2","73.7"
"USW00013752","ANNAPOLIS UNITED STATES NAVAL ACADEMY ASOS, MD US","2018-09","1859","62","95","1","76.8","81.9","71.7"
"USW00013752","ANNAPOLIS UNITED STATES NAVAL ACADEMY ASOS, MD US","2018-10","1991","40","88","167","63.9","70.9","56.9"
"USW00013752","ANNAPOLIS UNITED STATES NAVAL ACADEMY ASOS, MD US","2018-11","1996","27","78","697","47.5","53.7","41.2"
"USW00013752","ANNAPOLIS UNITED STATES NAVAL ACADEMY ASOS, MD US","2018-12","1996","28","63","1356","43.7","49.8","37.7"
"USW00013752","ANNAPOLIS UNITED STATES NAVAL ACADEMY ASOS, MD US","2019-01","0","10","68","2191","38.1","44.9","31.2"
"USW00013752","ANNAPOLIS UNITED STATES NAVAL ACADEMY ASOS, MD US","2019-02","0","16","68","2825","41.2","48.3","34.2"
"USW00013752","ANNAPOLIS UNITED STATES NAVAL ACADEMY ASOS, MD US","2019-03","2","24","80","3401","46.5","53.9","39.1"
"USW00013752","ANNAPOLIS UNITED STATES NAVAL ACADEMY ASOS, MD US","2019-04","31","37","85","3539","61.4","69.6","53.2"
"USW00013752","ANNAPOLIS UNITED STATES NAVAL ACADEMY ASOS, MD US","2019-05","236","51","94","3568","70.6","77.8","63.5"
"USW00013752","ANNAPOLIS UNITED STATES NAVAL ACADEMY ASOS, MD US","2019-06","624","58","98","3568","78.0","85.4","70.5"
"USW00013752","ANNAPOLIS UNITED STATES NAVAL ACADEMY ASOS, MD US","2019-07","1199","70","101","0","83.5","91.1","76.0"
"USW00013752","ANNAPOLIS UNITED STATES NAVAL ACADEMY ASOS, MD US","2019-08","1655","66","96","0","80.8","87.8","73.9"
"USW00013752","ANNAPOLIS UNITED STATES NAVAL ACADEMY ASOS, MD US","2019-09","1989","57","96","0","76.2","83.1","69.2"
"USW00013752","ANNAPOLIS UNITED STATES NAVAL ACADEMY ASOS, MD US","2019-10","2040","44","94","131","62.4","69.1","55.7"
"USW00013752","ANNAPOLIS UNITED STATES NAVAL ACADEMY ASOS, MD US","2019-11","2040","26","65","722","45.3","52.2","38.5"
"USW00013752","ANNAPOLIS UNITED STATES NAVAL ACADEMY ASOS, MD US","2019-12","2040","22","60","1476","40.7","46.9","34.4"
"USW00013752","ANNAPOLIS UNITED STATES NAVAL ACADEMY ASOS, MD US","2020-01","0","23","71","2232","40.6","47.0","34.3"
"USW00013752","ANNAPOLIS UNITED STATES NAVAL ACADEMY ASOS, MD US","2020-02","0","22","62","2911","41.6","48.3","34.8"
"USW00013752","ANNAPOLIS UNITED STATES NAVAL ACADEMY ASOS, MD US","2020-03","2","26","82","3370","50.3","57.7","42.8"
"USW00013752","ANNAPOLIS UNITED STATES NAVAL ACADEMY ASOS, MD US","2020-04","2","36","76","3732","53.0","60.4","45.5"
"USW00013752","ANNAPOLIS UNITED STATES NAVAL ACADEMY ASOS, MD US","2020-05","62","37","84","3902","61.4","68.8","54.0"
"USW00013752","ANNAPOLIS UNITED STATES NAVAL ACADEMY ASOS, MD US","2020-06","350","57","90","3902","74.6","81.7","67.5"
"USW00013752","ANNAPOLIS UNITED STATES NAVAL ACADEMY ASOS, MD US","2020-07","861","70","96","0","81.5","88.5","74.4"
"USW00013752","ANNAPOLIS UNITED STATES NAVAL ACADEMY ASOS, MD US","2020-08","1273","66","92","0","78.3","84.5","72.1"
"USW00013752","ANNAPOLIS UNITED STATES NAVAL ACADEMY ASOS, MD US","2020-09","1439","50","88","33","69.5","75.9","63.1"
"USW00013752","ANNAPOLIS UNITED STATES NAVAL ACADEMY ASOS, MD US","2020-10","1458","45","78","172","61.1","67.9","54.4"
"USW00013752","ANNAPOLIS UNITED STATES NAVAL ACADEMY ASOS, MD US","2020-11","1458","31","73","523","53.3","61.3","45.3"
"USW00013752","ANNAPOLIS UNITED STATES NAVAL ACADEMY ASOS, MD US","2020-12","1458","24","63","1263","41.1","47.6","34.6"
"USW00013752","ANNAPOLIS UNITED STATES NAVAL ACADEMY ASOS, MD US","2021-01","0","24","56","2118","37.4","43.3","31.5"
"USW00013752","ANNAPOLIS UNITED STATES NAVAL ACADEMY ASOS, MD US","2021-02","0","24","57","2911","36.6","41.9","31.4"
"USW00013752","ANNAPOLIS UNITED STATES NAVAL ACADEMY ASOS, MD US","2021-03","3","27","83","3427","48.5","56.7","40.3"
"USW00013752","ANNAPOLIS UNITED STATES NAVAL ACADEMY ASOS, MD US","2021-04","26","33","87","3715","56.2","65.0","47.3"
"USW00013752","ANNAPOLIS UNITED STATES NAVAL ACADEMY ASOS, MD US","2021-05","110","44","90","3822","64.3","73.1","55.4"
"USW00013752","ANNAPOLIS UNITED STATES NAVAL ACADEMY ASOS, MD US","2021-06","398","56","93","3822","74.6","81.5","67.7"
"USW00013752","ANNAPOLIS UNITED STATES NAVAL ACADEMY ASOS, MD US","2021-07","832","62","92","0","79.0","85.7","72.3"
"USW00013752","ANNAPOLIS UNITED STATES NAVAL ACADEMY ASOS, MD US","2021-08","1254","63","91","0","78.6","84.8","72.4"
"USW00013752","ANNAPOLIS UNITED STATES NAVAL ACADEMY ASOS, MD US","2021-09","1474","55","87","2","72.3","79.7","64.9"
"USW00013752","ANNAPOLIS UNITED STATES NAVAL ACADEMY ASOS, MD US","2021-10","1548","48","80","67","65.3","71.6","59.0"
"USW00013752","ANNAPOLIS UNITED STATES NAVAL ACADEMY ASOS, MD US","2021-11","1548","31","74","593","47.4","55.3","39.6"
"USW00013752","ANNAPOLIS UNITED STATES NAVAL ACADEMY ASOS, MD US","2021-12","1548","29","69","1176","46.2","53.0","39.3"
"USW00013752","ANNAPOLIS UNITED STATES NAVAL ACADEMY ASOS, MD US","2022-01","0","16","63","2141","33.9","40.4","27.4"
"USW00013752","ANNAPOLIS UNITED STATES NAVAL ACADEMY ASOS, MD US","2022-02","0","22","74","2814","41.0","49.7","32.2"
"USW00013752","ANNAPOLIS UNITED STATES NAVAL ACADEMY ASOS, MD US","2022-03","2","23","80","3329","48.4","57.2","39.6"
"USW00013752","ANNAPOLIS UNITED STATES NAVAL ACADEMY ASOS, MD US","2022-04","10","37","84","3650","54.6","62.2","47.0"
"USW00013752","ANNAPOLIS UNITED STATES NAVAL ACADEMY ASOS, MD US","2022-05","119","47","89","3728","66.0","72.6","59.3"
"USW00013752","ANNAPOLIS UNITED STATES NAVAL ACADEMY ASOS, MD US","2022-06","371","58","95","3728","73.7","81.0","66.4"
"USW00013752","ANNAPOLIS UNITED STATES NAVAL ACADEMY ASOS, MD US","2022-07","801","64","93","0","79.7","86.5","72.9"
"USW00013752","ANNAPOLIS UNITED STATES NAVAL ACADEMY ASOS, MD US","2022-08","1235","63","95","0","79.0","86.0","71.9"
"USW00013752","ANNAPOLIS UNITED STATES NAVAL ACADEMY ASOS, MD US","2022-09","1447","51","87","19","71.4","78.4","64.4"
"USW00013752","ANNAPOLIS UNITED STATES NAVAL ACADEMY ASOS, MD US","2022-10","1447","38","77","264","57.1","64.3","50.0"
"USW00013752","ANNAPOLIS UNITED STATES NAVAL ACADEMY ASOS, MD US","2022-11",,,,,,,
"USW00013752","ANNAPOLIS UNITED STATES NAVAL ACADEMY ASOS, MD US","2022-12",,"8","62",,"39.4","46.7","32.1"
"USW00094846","CHICAGO OHARE INTERNATIONAL AIRPORT, IL US","2016-01","0","-4","48","3042","24.8","31.8","17.8"
"USW00094846","CHICAGO OHARE INTERNATIONAL AIRPORT, IL US","2016-02","0","2","62","4044","30.5","37.3","23.7"
"USW00094846","CHICAGO OHARE INTERNATIONAL AIRPORT, IL US","2016-03","0","11","70","4716","43.3","51.5","35.1"
"USW00094846","CHICAGO OHARE INTERNATIONAL AIRPORT, IL US","2016-04","6","22","83","5239","47.8","57.4","38.2"
"USW00094846","CHICAGO OHARE INTERNATIONAL AIRPORT, IL US","2016-05","72","35","87","5467","59.7","70.1","49.4"
"USW00094846","CHICAGO OHARE INTERNATIONAL AIRPORT, IL US","2016-06","282","51","93","5481","71.6","81.9","61.2"
"USW00094846","CHICAGO OHARE INTERNATIONAL AIRPORT, IL US","2016-07","607","54","93","0","75.5","84.4","66.5"
"USW00094846","CHICAGO OHARE INTERNATIONAL AIRPORT, IL US","2016-08","942","56","92","0","75.8","84.3","67.3"
"USW00094846","CHICAGO OHARE INTERNATIONAL AIRPORT, IL US","2016-09","1103","50","91","24","69.5","77.7","61.4"
"USW00094846","CHICAGO OHARE INTERNATIONAL AIRPORT, IL US","2016-10","1124","36","82","298","56.9","65.8","47.9"
"USW00094846","CHICAGO OHARE INTERNATIONAL AIRPORT, IL US","2016-11","1127","22","75","846","46.8","55.3","38.4"
"USW00094846","CHICAGO OHARE INTERNATIONAL AIRPORT, IL US","2016-12","1127","-13","54","2083","25.1","31.2","19.1"
"USW00094846","CHICAGO OHARE INTERNATIONAL AIRPORT, IL US","2017-01","0","0","59","3203","28.9","34.6","23.1"
"USW00094846","CHICAGO OHARE INTERNATIONAL AIRPORT, IL US","2017-02","0","10","70","3956","38.1","47.7","28.5"
"USW00094846","CHICAGO OHARE INTERNATIONAL AIRPORT, IL US","2017-03","0","16","82","4746","39.5","47.2","31.9"
"USW00094846","CHICAGO OHARE INTERNATIONAL AIRPORT, IL US","2017-04","11","34","82","5096","53.7","63.8","43.7"
"USW00094846","CHICAGO OHARE INTERNATIONAL AIRPORT, IL US","2017-05","32","34","87","5337","57.9","67.7","48.0"
"USW00094846","CHICAGO OHARE INTERNATIONAL AIRPORT, IL US","2017-06","258","50","95","5341","72.4","83.3","61.6"
"USW00094846","CHICAGO OHARE INTERNATIONAL AIRPORT, IL US","2017-07","556","56","93","0","74.6","83.8","65.4"
"USW00094846","CHICAGO OHARE INTERNATIONAL AIRPORT, IL US","2017-08","763","52","90","5","71.5","80.8","62.2"
"USW00094846","CHICAGO OHARE INTERNATIONAL AIRPORT, IL US","2017-09","936","49","95","46","69.4","79.7","59.1"
"USW00094846","CHICAGO OHARE INTERNATIONAL AIRPORT, IL US","2017-10","962","33","83","302","57.6","65.5","49.7"
"USW00094846","CHICAGO OHARE INTERNATIONAL AIRPORT, IL US","2017-11","962","18","63","1059","39.7","46.9","32.5"
"USW00094846","CHICAGO OHARE INTERNATIONAL AIRPORT, IL US","2017-12","962","-4","65","2229","27.3","34.3","20.3"
"USW00094846","CHICAGO OHARE INTERNATIONAL AIRPORT, IL US","2018-01","0","-9","59","3476","24.8","32.0","17.6"
"USW00094846","CHICAGO OHARE INTERNATIONAL AIRPORT, IL US","2018-02","0","-3","66","4486","28.9","38.1","19.8"
"USW00094846","CHICAGO OHARE INTERNATIONAL AIRPORT, IL US","2018-03","0","19","58","5355","37.0","44.7","29.2"
"USW00094846","CHICAGO OHARE INTERNATIONAL AIRPORT, IL US","2018-04","0","20","80","6066","41.3","50.1","32.5"
"USW00094846","CHICAGO OHARE INTERNATIONAL AIRPORT, IL US","2018-05","145","44","97","6176","66.1","76.4","55.9"
"USW00094846","CHICAGO OHARE INTERNATIONAL AIRPORT, IL US","2018-06","353","48","96","6188","71.5","80.4","62.6"
"USW00094846","CHICAGO OHARE INTERNATIONAL AIRPORT, IL US","2018-07","702","59","95","0","76.2","85.1","67.3"
"USW00094846","CHICAGO OHARE INTERNATIONAL AIRPORT, IL US","2018-08","1051","58","97","0","76.3","84.8","67.7"
"USW00094846","CHICAGO OHARE INTERNATIONAL AIRPORT, IL US","2018-09","1228","42","93","58","69.0","77.5","60.4"
"USW00094846","CHICAGO OHARE INTERNATIONAL AIRPORT, IL US","2018-10","1258","28","88","469","52.7","60.7","44.7"
"USW00094846","CHICAGO OHARE INTERNATIONAL AIRPORT, IL US","2018-11","1258","17","52","1380","34.6","39.8","29.6"
"USW00094846","CHICAGO OHARE INTERNATIONAL AIRPORT, IL US","2018-12","1258","16","53","2362","33.3","39.7","26.9"
"USW00094846","CHICAGO OHARE INTERNATIONAL AIRPORT, IL US","2019-01","0","-23","53","3722","21.1","27.6","14.7"
"USW00094846","CHICAGO OHARE INTERNATIONAL AIRPORT, IL US","2019-02","0","1","53","4814","26.0","34.1","17.9"
"USW00094846","CHICAGO OHARE INTERNATIONAL AIRPORT, IL US","2019-03","0","-3","65","5764","34.4","42.7","26.0"
"USW00094846","CHICAGO OHARE INTERNATIONAL AIRPORT, IL US","2019-04","4","26","80","6226","49.7","59.1","40.4"
"USW00094846","CHICAGO OHARE INTERNATIONAL AIRPORT, IL US","2019-05","31","38","82","6470","58.0","67.5","48.5"
"USW00094846","CHICAGO OHARE INTERNATIONAL AIRPORT, IL US","2019-06","155","49","91","6512","67.7","77.3","58.2"
"USW00094846","CHICAGO OHARE INTERNATIONAL AIRPORT, IL US","2019-07","531","59","95","0","77.1","86.1","68.2"
"USW00094846","CHICAGO OHARE INTERNATIONAL AIRPORT, IL US","2019-08","775","57","90","0","72.9","81.5","64.3"
"USW00094846","CHICAGO OHARE INTERNATIONAL AIRPORT, IL US","2019-09","920","53","90","12","69.4","76.9","61.9"
"USW00094846","CHICAGO OHARE INTERNATIONAL AIRPORT, IL US","2019-10","932","25","86","460","50.9","58.7","43.1"
"USW00094846","CHICAGO OHARE INTERNATIONAL AIRPORT, IL US","2019-11","932","7","55","1365","34.8","41.6","28.0"
"USW00094846","CHICAGO OHARE INTERNATIONAL AIRPORT, IL US","2019-12","932","10","61","2324","34.1","41.3","26.8"
"USW00094846","CHICAGO OHARE INTERNATIONAL AIRPORT, IL US","2020-01","0","2","50","3404","30.2","35.9","24.5"
"USW00094846","CHICAGO OHARE INTERNATIONAL AIRPORT, IL US","2020-02","0","-2","55","4410","30.3","37.4","23.3"
"USW00094846","CHICAGO OHARE INTERNATIONAL AIRPORT, IL US","2020-03","0","25","67","5097","42.8","50.9","34.8"
"USW00094846","CHICAGO OHARE INTERNATIONAL AIRPORT, IL US","2020-04","0","27","80","5597","48.4","58.0","38.7"
"USW00094846","CHICAGO OHARE INTERNATIONAL AIRPORT, IL US","2020-05","71","31","90","5825","59.9","69.1","50.7"
"USW00094846","CHICAGO OHARE INTERNATIONAL AIRPORT, IL US","2020-06","354","52","94","5839","74.0","84.0","63.9"
"USW00094846","CHICAGO OHARE INTERNATIONAL AIRPORT, IL US","2020-07","795","65","96","0","79.2","88.3","70.2"
"USW00094846","CHICAGO OHARE INTERNATIONAL AIRPORT, IL US","2020-08","1161","56","97","0","76.8","86.4","67.2"
"USW00094846","CHICAGO OHARE INTERNATIONAL AIRPORT, IL US","2020-09","1260","46","88","62","66.3","74.6","57.9"
"USW00094846","CHICAGO OHARE INTERNATIONAL AIRPORT, IL US","2020-10","1264","30","82","484","51.5","60.9","42.1"
"USW00094846","CHICAGO OHARE INTERNATIONAL AIRPORT, IL US","2020-11","1269","28","76","1016","47.4","55.7","39.1"
"USW00094846","CHICAGO OHARE INTERNATIONAL AIRPORT, IL US","2020-12","1269","8","58","2012","32.9","39.3","26.5"
"USW00094846","CHICAGO OHARE INTERNATIONAL AIRPORT, IL US","2021-01","0","8","41","3120","29.3","34.0","24.5"
"USW00094846","CHICAGO OHARE INTERNATIONAL AIRPORT, IL US","2021-02","0","-7","52","4370","20.3","27.5","13.2"
"USW00094846","CHICAGO OHARE INTERNATIONAL AIRPORT, IL US","2021-03","0","22","69","5013","44.3","53.3","35.3"
"USW00094846","CHICAGO OHARE INTERNATIONAL AIRPORT, IL US","2021-04","18","24","87","5423","51.9","61.3","42.5"
"USW00094846","CHICAGO OHARE INTERNATIONAL AIRPORT, IL US","2021-05","99","36","90","5652","60.2","69.7","50.8"
"USW00094846","CHICAGO OHARE INTERNATIONAL AIRPORT, IL US","2021-06","382","50","93","5656","74.3","83.8","64.8"
"USW00094846","CHICAGO OHARE INTERNATIONAL AIRPORT, IL US","2021-07","673","57","94","0","74.4","82.3","66.5"
"USW00094846","CHICAGO OHARE INTERNATIONAL AIRPORT, IL US","2021-08","1049","60","95","0","77.1","86.2","68.1"
"USW00094846","CHICAGO OHARE INTERNATIONAL AIRPORT, IL US","2021-09","1224","50","89","17","70.3","79.8","60.7"
"USW00094846","CHICAGO OHARE INTERNATIONAL AIRPORT, IL US","2021-10","1281","38","85","239","59.7","66.6","52.7"
"USW00094846","CHICAGO OHARE INTERNATIONAL AIRPORT, IL US","2021-11","1281","18","65","979","40.4","48.1","32.5"
"USW00094846","CHICAGO OHARE INTERNATIONAL AIRPORT, IL US","2021-12","1281","13","66","1815","38.0","45.8","30.3"
"USW00094846","CHICAGO OHARE INTERNATIONAL AIRPORT, IL US","2022-01","0","-6","44","3187","20.7","28.7","12.7"
"USW00094846","CHICAGO OHARE INTERNATIONAL AIRPORT, IL US","2022-02","0","4","55","4238","27.5","35.3","19.7"
"USW00094846","CHICAGO OHARE INTERNATIONAL AIRPORT, IL US","2022-03","0","11","74","4989","40.7","49.1","32.4"
"USW00094846","CHICAGO OHARE INTERNATIONAL AIRPORT, IL US","2022-04","2","29","84","5530","47.0","55.1","38.9"
"USW00094846","CHICAGO OHARE INTERNATIONAL AIRPORT, IL US","2022-05","140","39","91","5708","63.7","72.2","55.2"
"USW00094846","CHICAGO OHARE INTERNATIONAL AIRPORT, IL US","2022-06","365","52","99","5717","72.2","82.6","61.8"
"USW00094846","CHICAGO OHARE INTERNATIONAL AIRPORT, IL US","2022-07","683","59","94","0","75.3","83.5","67.0"
"USW00094846","CHICAGO OHARE INTERNATIONAL AIRPORT, IL US","2022-08","973","58","95","0","74.3","83.0","65.7"
"USW00094846","CHICAGO OHARE INTERNATIONAL AIRPORT, IL US","2022-09","1122","44","88","78","67.4","76.0","58.8"
"USW00094846","CHICAGO OHARE INTERNATIONAL AIRPORT, IL US","2022-10","1135","33","79","430","54.0","63.9","44.2"
"USW00094846","CHICAGO OHARE INTERNATIONAL AIRPORT, IL US","2022-11","1139","13","76","1083","43.4","51.7","35.2"
"USW00094846","CHICAGO OHARE INTERNATIONAL AIRPORT, IL US","2022-12","1139","-8","59","2192","29.2","35.8","22.6"
"USW00013960","DALLAS FAA AIRPORT, TX US","2016-01","0","27","76","1162","46.7","56.6","36.7"
"USW00013960","DALLAS FAA AIRPORT, TX US","2016-02","11","32","79","1453","55.4","66.1","44.6"
"USW00013960","DALLAS FAA AIRPORT, TX US","2016-03","49","35","89","1589","61.8","71.8","51.8"
"USW00013960","DALLAS FAA AIRPORT, TX US","2016-04","182","45","88","1615","68.6","78.3","58.8"
"USW00013960","DALLAS FAA AIRPORT, TX US","2016-05","446","50","94","1629","73.1","82.1","64.1"
"USW00013960","DALLAS FAA AIRPORT, TX US","2016-06","1014","66","99","1629","83.9","92.7","75.1"
"USW00013960","DALLAS FAA AIRPORT, TX US","2016-07","1725","70","100","0","87.9","97.1","78.8"
"USW00013960","DALLAS FAA AIRPORT, TX US","2016-08","2391","71","106","0","86.5","94.8","78.2"
"USW00013960","DALLAS FAA AIRPORT, TX US","2016-09","2908","57","100","0","82.2","91.5","72.9"
"USW00013960","DALLAS FAA AIRPORT, TX US","2016-10","3209","53","93","1","74.7","84.9","64.5"
"USW00013960","DALLAS FAA AIRPORT, TX US","2016-11","3271","37","87","96","63.9","72.9","54.9"
"USW00013960","DALLAS FAA AIRPORT, TX US","2016-12","3288","17","82","544","51.1","59.6","42.5"
"USW00013960","DALLAS FAA AIRPORT, TX US","2017-01","7","15","80","958","51.9","62.0","41.7"
"USW00013960","DALLAS FAA AIRPORT, TX US","2017-02","66","36","88","1130","61.0","71.2","50.7"
"USW00013960","DALLAS FAA AIRPORT, TX US","2017-03","184","40","90","1226","65.7","76.2","55.2"
"USW00013960","DALLAS FAA AIRPORT, TX US","2017-04","348","48","90","1251","69.7","79.6","59.7"
"USW00013960","DALLAS FAA AIRPORT, TX US","2017-05","668","49","94","1251","75.3","85.4","65.2"
"USW00013960","DALLAS FAA AIRPORT, TX US","2017-06","1179","65","101","1251","82.0","90.5","73.6"
"USW00013960","DALLAS FAA AIRPORT, TX US","2017-07","1863","69","104","0","87.1","96.2","77.9"
"USW00013960","DALLAS FAA AIRPORT, TX US","2017-08","2475","70","101","0","84.7","92.9","76.6"
"USW00013960","DALLAS FAA AIRPORT, TX US","2017-09","2952","60","98","0","80.9","91.0","70.8"
"USW00013960","DALLAS FAA AIRPORT, TX US","2017-10","3168","34","94","58","70.1","81.9","58.4"
"USW00013960","DALLAS FAA AIRPORT, TX US","2017-11","3237","37","92","200","62.6","72.3","52.8"
"USW00013960","DALLAS FAA AIRPORT, TX US","2017-12","3246","23","82","689","49.5","58.6","40.4"
"USW00013960","DALLAS FAA AIRPORT, TX US","2018-01","2","15","74","1307","45.1","55.6","34.6"
"USW00013960","DALLAS FAA AIRPORT, TX US","2018-02","14","26","79","1732","50.3","59.8","40.8"
"USW00013960","DALLAS FAA AIRPORT, TX US","2018-03","79","39","87","1852","63.2","73.7","52.7"
"USW00013960","DALLAS FAA AIRPORT, TX US","2018-04","147","35","87","1983","62.9","75.1","50.7"
"USW00013960","DALLAS FAA AIRPORT, TX US","2018-05","626","59","97","1983","80.5","90.2","70.7"
"USW00013960","DALLAS FAA AIRPORT, TX US","2018-06","1303","69","104","1983","87.6","97.0","78.2"
"USW00013960","DALLAS FAA AIRPORT, TX US","2018-07","2105","73","112","0","90.9","101.4","80.3"
"USW00013960","DALLAS FAA AIRPORT, TX US","2018-08","2787","72","103","0","87.0","96.4","77.6"
"USW00013960","DALLAS FAA AIRPORT, TX US","2018-09","3231","61","97","0","79.8","86.9","72.8"
"USW00013960","DALLAS FAA AIRPORT, TX US","2018-10","3405","42","91","85","67.9","75.8","60.0"
"USW00013960","DALLAS FAA AIRPORT, TX US","2018-11","3411","26","82","420","54.1","64.7","43.5"
"USW00013960","DALLAS FAA AIRPORT, TX US","2018-12","3411","32","72","881","50.1","58.1","42.1"
"USW00013960","DALLAS FAA AIRPORT, TX US","2019-01","0","27","76","1422","47.6","56.9","38.2"
"USW00013960","DALLAS FAA AIRPORT, TX US","2019-02","24","25","81","1817","51.7","59.9","43.5"
"USW00013960","DALLAS FAA AIRPORT, TX US","2019-03","48","22","82","2104","56.6","65.9","47.1"
"USW00013960","DALLAS FAA AIRPORT, TX US","2019-04","176","42","90","2164","67.2","77.0","57.5"
"USW00013960","DALLAS FAA AIRPORT, TX US","2019-05","510","52","91","2175","75.5","83.9","67.0"
"USW00013960","DALLAS FAA AIRPORT, TX US","2019-06","1003","64","98","2175","81.4","90.8","72.1"
"USW00013960","DALLAS FAA AIRPORT, TX US","2019-07","1659","71","102","0","86.2","94.9","77.4"
"USW00013960","DALLAS FAA AIRPORT, TX US","2019-08","2401","73","103","0","88.9","98.0","79.9"
"USW00013960","DALLAS FAA AIRPORT, TX US","2019-09","3059","73","102","0","86.9","96.5","77.3"
"USW00013960","DALLAS FAA AIRPORT, TX US","2019-10","3248","31","97","132","66.8","77.2","56.5"
"USW00013960","DALLAS FAA AIRPORT, TX US","2019-11","3256","23","80","443","54.9","66.1","43.6"
"USW00013960","DALLAS FAA AIRPORT, TX US","2019-12","3256","30","76","845","52.1","62.2","41.9"
"USW00013960","DALLAS FAA AIRPORT, TX US","2020-01","6","31","80","1260","51.8","61.0","42.6"
"USW00013960","DALLAS FAA AIRPORT, TX US","2020-02","10","28","81","1665","51.2","61.1","41.3"
"USW00013960","DALLAS FAA AIRPORT, TX US","2020-03","97","41","88","1765","64.6","73.1","56.0"
"USW00013960","DALLAS FAA AIRPORT, TX US","2020-04","226","40","96","1868","65.9","76.3","55.4"
"USW00013960","DALLAS FAA AIRPORT, TX US","2020-05","541","54","97","1869","75.1","84.5","65.8"
"USW00013960","DALLAS FAA AIRPORT, TX US","2020-06","1092","64","100","1869","83.4","92.7","74.0"
"USW00013960","DALLAS FAA AIRPORT, TX US","2020-07","1774","74","102","0","87.0","95.2","78.8"
"USW00013960","DALLAS FAA AIRPORT, TX US","2020-08","2478","69","106","0","87.7","98.2","77.3"
"USW00013960","DALLAS FAA AIRPORT, TX US","2020-09","2818","53","94","1","76.3","85.0","67.5"
"USW00013960","DALLAS FAA AIRPORT, TX US","2020-10","2994","38","97","123","66.7","77.0","56.5"
"USW00013960","DALLAS FAA AIRPORT, TX US","2020-11","3038","31","83","263","61.8","72.6","51.1"
"USW00013960","DALLAS FAA AIRPORT, TX US","2020-12","3038","29","80","728","50.0","61.7","38.3"
"USW00013960","DALLAS FAA AIRPORT, TX US","2021-01","0","30","77","1224","49.0","58.1","40.0"
"USW00013960","DALLAS FAA AIRPORT, TX US","2021-02","0","2","80","1841","42.9","52.2","33.6"
"USW00013960","DALLAS FAA AIRPORT, TX US","2021-03","51","40","82","1970","62.5","72.7","52.2"
"USW00013960","DALLAS FAA AIRPORT, TX US","2021-04","142","40","88","2054","65.2","74.6","55.9"
"USW00013960","DALLAS FAA AIRPORT, TX US","2021-05","389","52","92","2067","72.5","80.0","65.1"
"USW00013960","DALLAS FAA AIRPORT, TX US","2021-06","912","61","99","2067","82.4","91.0","73.8"
"USW00013960","DALLAS FAA AIRPORT, TX US","2021-07","1544","70","101","0","85.4","93.6","77.2"
"USW00013960","DALLAS FAA AIRPORT, TX US","2021-08","2177","72","99","0","85.4","93.9","76.9"
"USW00013960","DALLAS FAA AIRPORT, TX US","2021-09","2685","57","102","0","81.9","92.6","71.3"
"USW00013960","DALLAS FAA AIRPORT, TX US","2021-10","2929","42","92","24","72.1","82.9","61.3"
"USW00013960","DALLAS FAA AIRPORT, TX US","2021-11","2940","34","82","274","57.0","68.3","45.8"
"USW00013960","DALLAS FAA AIRPORT, TX US","2021-12","2996","31","81","458","60.9","71.3","50.4"
"USW00013960","DALLAS FAA AIRPORT, TX US","2022-01","0","18","75","1061","45.5","58.4","32.7"
"USW00013960","DALLAS FAA AIRPORT, TX US","2022-02","3","19","81","1603","45.8","58.3","33.2"
"USW00013960","DALLAS FAA AIRPORT, TX US","2022-03","38","26","92","1841","58.4","71.1","45.8"
"USW00013960","DALLAS FAA AIRPORT, TX US","2022-04","195","44","93","1868","69.3","80.0","58.7"
"USW00013960","DALLAS FAA AIRPORT, TX US","2022-05","585","54","95","1868","77.6","88.0","67.2"
"USW00013960","DALLAS FAA AIRPORT, TX US","2022-06","1233","65","103","1868","86.6","95.9","77.3"
"USW00013960","DALLAS FAA AIRPORT, TX US","2022-07","2065","76","108","0","91.8","102.0","81.7"
"USW00013960","DALLAS FAA AIRPORT, TX US","2022-08","2745","72","104","0","86.9","96.2","77.7"
"USW00013960","DALLAS FAA AIRPORT, TX US","2022-09","3219","60","98","0","80.8","90.8","70.8"
"USW00013960","DALLAS FAA AIRPORT, TX US","2022-10","3394","40","94","49","69.0","80.5","57.6"
"USW00013960","DALLAS FAA AIRPORT, TX US","2022-11","3438","29","82","396","54.9","63.2","46.6"
"USW00013960","DALLAS FAA AIRPORT, TX US","2022-12","3447","11","79","855","50.5","59.7","41.2"
